
Gurobi 11.0.3 (win64) logging started Wed Jul 29 07:50:59 2026

Set parameter LogFile to value "scenarios/A_low/2030\gurobi_logfile.log"
Set parameter MIPGap to value 0.01
Set parameter TimeLimit to value 84600

Gurobi 11.0.3 (win64) logging started Wed Jul 29 07:51:01 2026

Set parameter LogFile to value "scenarios/A_low/2030\gurobi_logfile.log"
Gurobi Optimizer version 11.0.3 build v11.0.3rc0 (win64 - Windows 11+.0 (26200.2))

CPU model: 12th Gen Intel(R) Core(TM) i7-1260P, instruction set [SSE2|AVX|AVX2]
Thread count: 12 physical cores, 16 logical processors, using up to 16 threads

Optimize a model with 3494432 rows, 3719542 columns and 11492336 nonzeros
Model fingerprint: 0xb719cafa
Coefficient statistics:
  Matrix range     [6e-01, 3e+00]
  Objective range  [3e+02, 1e+08]
  Bounds range     [6e-06, 1e+01]
  RHS range        [3e+01, 8e+02]
Presolve removed 146000 rows and 1154486 columns (presolve time = 5s) ...
Presolve removed 146000 rows and 1154937 columns
Presolve time: 9.34s
Presolved: 3348432 rows, 2564605 columns, 10158605 nonzeros

Concurrent LP optimizer: primal simplex, dual simplex, and barrier
Showing barrier log only...

Ordering time: 0.00s

Barrier statistics:
 Dense cols : 1
 AA' NZ     : 4.680e+03
 Factor NZ  : 2.167e+04 (roughly 30 MB of memory)
 Factor Ops : 2.663e+05 (less than 1 second per iteration)
 Threads    : 1

Barrier performed 0 iterations in 12.09 seconds (8.38 work units)
Barrier solve interrupted - model solved by another algorithm


Solved with dual simplex
Iteration    Objective       Primal Inf.    Dual Inf.      Time
     280    5.5229297e+09   0.000000e+00   0.000000e+00     12s

Use crossover to convert LP symmetric solution to basic solution...
Crossover log...

   36000 DPushes remaining with DInf 0.0000000e+00                15s

       0 PPushes remaining with PInf 0.0000000e+00                16s

  Push phase complete: Pinf 0.0000000e+00, Dinf 0.0000000e+00     16s

Iteration    Objective       Primal Inf.    Dual Inf.      Time
     283    5.5229297e+09   0.000000e+00   0.000000e+00     20s

Solved in 283 iterations and 20.40 seconds (11.90 work units)
Optimal objective  5.522929692e+09

User-callback calls 432, time in user-callback 0.02 sec
Gurobi Optimizer version 11.0.3 build v11.0.3rc0 (win64 - Windows 11+.0 (26200.2))

CPU model: 12th Gen Intel(R) Core(TM) i7-1260P, instruction set [SSE2|AVX|AVX2]
Thread count: 12 physical cores, 16 logical processors, using up to 16 threads

Optimize a model with 3494464 rows, 3719542 columns and 11570292 nonzeros
Coefficient statistics:
  Matrix range     [5e-03, 2e+01]
  Objective range  [3e+02, 1e+08]
  Bounds range     [6e-06, 1e+01]
  RHS range        [4e+00, 8e+02]
LP warm-start: use basis

Iteration    Objective       Primal Inf.    Dual Inf.      Time
       0    5.5229297e+09   4.764320e+02   0.000000e+00      2s
     412    5.5572119e+09   0.000000e+00   0.000000e+00      3s

Solved in 412 iterations and 3.28 seconds (1.41 work units)
Optimal objective  5.557211856e+09

User-callback calls 434, time in user-callback 0.00 sec
Gurobi Optimizer version 11.0.3 build v11.0.3rc0 (win64 - Windows 11+.0 (26200.2))

CPU model: 12th Gen Intel(R) Core(TM) i7-1260P, instruction set [SSE2|AVX|AVX2]
Thread count: 12 physical cores, 16 logical processors, using up to 16 threads

Optimize a model with 3494496 rows, 3719542 columns and 11597140 nonzeros
Coefficient statistics:
  Matrix range     [5e-03, 2e+01]
  Objective range  [3e+02, 1e+08]
  Bounds range     [6e-06, 1e+01]
  RHS range        [4e+00, 8e+02]
LP warm-start: use basis

Iteration    Objective       Primal Inf.    Dual Inf.      Time
       0    5.5572119e+09   5.913392e+02   0.000000e+00      1s
     161    5.5956773e+09   0.000000e+00   0.000000e+00      2s

Solved in 161 iterations and 2.36 seconds (1.36 work units)
Optimal objective  5.595677305e+09

User-callback calls 183, time in user-callback 0.00 sec
Gurobi Optimizer version 11.0.3 build v11.0.3rc0 (win64 - Windows 11+.0 (26200.2))

CPU model: 12th Gen Intel(R) Core(TM) i7-1260P, instruction set [SSE2|AVX|AVX2]
Thread count: 12 physical cores, 16 logical processors, using up to 16 threads

Optimize a model with 3494528 rows, 3719542 columns and 11646776 nonzeros
Coefficient statistics:
  Matrix range     [5e-03, 2e+01]
  Objective range  [3e+02, 1e+08]
  Bounds range     [6e-06, 1e+01]
  RHS range        [4e+00, 8e+02]
LP warm-start: use basis

Iteration    Objective       Primal Inf.    Dual Inf.      Time
       0    5.5956773e+09   4.306978e+02   0.000000e+00      1s
     404    5.6222035e+09   0.000000e+00   0.000000e+00      2s

Solved in 404 iterations and 2.38 seconds (1.42 work units)
Optimal objective  5.622203476e+09

User-callback calls 426, time in user-callback 0.00 sec
Gurobi Optimizer version 11.0.3 build v11.0.3rc0 (win64 - Windows 11+.0 (26200.2))

CPU model: 12th Gen Intel(R) Core(TM) i7-1260P, instruction set [SSE2|AVX|AVX2]
Thread count: 12 physical cores, 16 logical processors, using up to 16 threads

Optimize a model with 3494560 rows, 3719542 columns and 11694702 nonzeros
Coefficient statistics:
  Matrix range     [5e-03, 2e+01]
  Objective range  [3e+02, 1e+08]
  Bounds range     [6e-06, 1e+01]
  RHS range        [4e+00, 8e+02]
LP warm-start: use basis

Iteration    Objective       Primal Inf.    Dual Inf.      Time
       0    5.6222035e+09   1.791093e+02   0.000000e+00      1s
     285    5.6349505e+09   0.000000e+00   0.000000e+00      2s

Solved in 285 iterations and 2.32 seconds (1.41 work units)
Optimal objective  5.634950516e+09

User-callback calls 307, time in user-callback 0.00 sec
Gurobi Optimizer version 11.0.3 build v11.0.3rc0 (win64 - Windows 11+.0 (26200.2))

CPU model: 12th Gen Intel(R) Core(TM) i7-1260P, instruction set [SSE2|AVX|AVX2]
Thread count: 12 physical cores, 16 logical processors, using up to 16 threads

Optimize a model with 3494592 rows, 3719542 columns and 11794446 nonzeros
Coefficient statistics:
  Matrix range     [5e-03, 2e+01]
  Objective range  [3e+02, 1e+08]
  Bounds range     [6e-06, 1e+01]
  RHS range        [4e+00, 8e+02]
LP warm-start: use basis

Iteration    Objective       Primal Inf.    Dual Inf.      Time
       0    5.6349505e+09   1.735834e+02   0.000000e+00      1s
     185    5.6529095e+09   0.000000e+00   0.000000e+00      2s

Solved in 185 iterations and 2.15 seconds (1.39 work units)
Optimal objective  5.652909507e+09

User-callback calls 207, time in user-callback 0.00 sec
Gurobi Optimizer version 11.0.3 build v11.0.3rc0 (win64 - Windows 11+.0 (26200.2))

CPU model: 12th Gen Intel(R) Core(TM) i7-1260P, instruction set [SSE2|AVX|AVX2]
Thread count: 12 physical cores, 16 logical processors, using up to 16 threads

Optimize a model with 3494624 rows, 3719542 columns and 11846903 nonzeros
Coefficient statistics:
  Matrix range     [5e-03, 2e+01]
  Objective range  [3e+02, 1e+08]
  Bounds range     [6e-06, 1e+01]
  RHS range        [8e-01, 8e+02]
LP warm-start: use basis

Iteration    Objective       Primal Inf.    Dual Inf.      Time
       0    5.6529095e+09   1.352336e+02   0.000000e+00      1s
     321    5.6585010e+09   0.000000e+00   0.000000e+00      3s

Solved in 321 iterations and 3.07 seconds (2.65 work units)
Optimal objective  5.658501010e+09

User-callback calls 343, time in user-callback 0.00 sec
Gurobi Optimizer version 11.0.3 build v11.0.3rc0 (win64 - Windows 11+.0 (26200.2))

CPU model: 12th Gen Intel(R) Core(TM) i7-1260P, instruction set [SSE2|AVX|AVX2]
Thread count: 12 physical cores, 16 logical processors, using up to 16 threads

Optimize a model with 3494656 rows, 3719542 columns and 12008708 nonzeros
Coefficient statistics:
  Matrix range     [5e-03, 2e+01]
  Objective range  [3e+02, 1e+08]
  Bounds range     [6e-06, 1e+01]
  RHS range        [2e-02, 8e+02]
LP warm-start: use basis

Iteration    Objective       Primal Inf.    Dual Inf.      Time
       0    5.6585010e+09   8.264553e+01   0.000000e+00      1s
     242    5.6654156e+09   0.000000e+00   0.000000e+00      3s

Solved in 242 iterations and 2.76 seconds (2.65 work units)
Optimal objective  5.665415629e+09

User-callback calls 264, time in user-callback 0.00 sec
Gurobi Optimizer version 11.0.3 build v11.0.3rc0 (win64 - Windows 11+.0 (26200.2))

CPU model: 12th Gen Intel(R) Core(TM) i7-1260P, instruction set [SSE2|AVX|AVX2]
Thread count: 12 physical cores, 16 logical processors, using up to 16 threads

Optimize a model with 3494688 rows, 3719542 columns and 12168408 nonzeros
Coefficient statistics:
  Matrix range     [5e-03, 2e+01]
  Objective range  [3e+02, 1e+08]
  Bounds range     [6e-06, 1e+01]
  RHS range        [2e-02, 8e+02]
LP warm-start: use basis

Iteration    Objective       Primal Inf.    Dual Inf.      Time
       0    5.6654156e+09   8.656867e+01   0.000000e+00      1s
     300    5.6704534e+09   0.000000e+00   0.000000e+00      3s

Solved in 300 iterations and 3.01 seconds (2.76 work units)
Optimal objective  5.670453447e+09

User-callback calls 322, time in user-callback 0.00 sec
Gurobi Optimizer version 11.0.3 build v11.0.3rc0 (win64 - Windows 11+.0 (26200.2))

CPU model: 12th Gen Intel(R) Core(TM) i7-1260P, instruction set [SSE2|AVX|AVX2]
Thread count: 12 physical cores, 16 logical processors, using up to 16 threads

Optimize a model with 3494720 rows, 3719542 columns and 12260383 nonzeros
Coefficient statistics:
  Matrix range     [5e-03, 2e+01]
  Objective range  [3e+02, 1e+08]
  Bounds range     [6e-06, 1e+01]
  RHS range        [2e-02, 8e+02]
LP warm-start: use basis

Iteration    Objective       Primal Inf.    Dual Inf.      Time
       0    5.6704534e+09   1.246512e+02   0.000000e+00      1s
     246    5.6758380e+09   0.000000e+00   0.000000e+00      2s

Solved in 246 iterations and 2.44 seconds (2.67 work units)
Optimal objective  5.675838011e+09

User-callback calls 268, time in user-callback 0.00 sec
Gurobi Optimizer version 11.0.3 build v11.0.3rc0 (win64 - Windows 11+.0 (26200.2))

CPU model: 12th Gen Intel(R) Core(TM) i7-1260P, instruction set [SSE2|AVX|AVX2]
Thread count: 12 physical cores, 16 logical processors, using up to 16 threads

Optimize a model with 3494752 rows, 3719542 columns and 12337811 nonzeros
Coefficient statistics:
  Matrix range     [5e-03, 2e+01]
  Objective range  [3e+02, 1e+08]
  Bounds range     [6e-06, 1e+01]
  RHS range        [7e-03, 8e+02]
LP warm-start: use basis

Iteration    Objective       Primal Inf.    Dual Inf.      Time
       0    5.6758380e+09   4.425092e+01   0.000000e+00      1s
     200    5.6798742e+09   0.000000e+00   0.000000e+00      2s

Solved in 200 iterations and 2.40 seconds (1.43 work units)
Optimal objective  5.679874179e+09

User-callback calls 222, time in user-callback 0.00 sec
Gurobi Optimizer version 11.0.3 build v11.0.3rc0 (win64 - Windows 11+.0 (26200.2))

CPU model: 12th Gen Intel(R) Core(TM) i7-1260P, instruction set [SSE2|AVX|AVX2]
Thread count: 12 physical cores, 16 logical processors, using up to 16 threads

Optimize a model with 3494784 rows, 3719542 columns and 12464756 nonzeros
Coefficient statistics:
  Matrix range     [5e-03, 2e+01]
  Objective range  [3e+02, 1e+08]
  Bounds range     [6e-06, 1e+01]
  RHS range        [7e-03, 8e+02]
LP warm-start: use basis

Iteration    Objective       Primal Inf.    Dual Inf.      Time
       0    5.6798742e+09   8.773229e+01   0.000000e+00      1s
     198    5.6837170e+09   0.000000e+00   0.000000e+00      3s

Solved in 198 iterations and 2.64 seconds (2.73 work units)
Optimal objective  5.683717040e+09

User-callback calls 220, time in user-callback 0.00 sec
Gurobi Optimizer version 11.0.3 build v11.0.3rc0 (win64 - Windows 11+.0 (26200.2))

CPU model: 12th Gen Intel(R) Core(TM) i7-1260P, instruction set [SSE2|AVX|AVX2]
Thread count: 12 physical cores, 16 logical processors, using up to 16 threads

Optimize a model with 3494816 rows, 3719542 columns and 12588478 nonzeros
Coefficient statistics:
  Matrix range     [5e-03, 2e+01]
  Objective range  [3e+02, 1e+08]
  Bounds range     [6e-06, 1e+01]
  RHS range        [7e-03, 8e+02]
LP warm-start: use basis

Iteration    Objective       Primal Inf.    Dual Inf.      Time
       0    5.6837170e+09   6.155833e+01   0.000000e+00      1s
     279    5.6859752e+09   0.000000e+00   0.000000e+00      3s

Solved in 279 iterations and 3.16 seconds (2.77 work units)
Optimal objective  5.685975246e+09

User-callback calls 301, time in user-callback 0.00 sec
Gurobi Optimizer version 11.0.3 build v11.0.3rc0 (win64 - Windows 11+.0 (26200.2))

CPU model: 12th Gen Intel(R) Core(TM) i7-1260P, instruction set [SSE2|AVX|AVX2]
Thread count: 12 physical cores, 16 logical processors, using up to 16 threads

Optimize a model with 3494848 rows, 3719542 columns and 12662381 nonzeros
Coefficient statistics:
  Matrix range     [5e-03, 2e+01]
  Objective range  [3e+02, 1e+08]
  Bounds range     [6e-06, 1e+01]
  RHS range        [7e-03, 8e+02]
LP warm-start: use basis

Iteration    Objective       Primal Inf.    Dual Inf.      Time
       0    5.6859752e+09   7.717621e+01   0.000000e+00      1s
     307    5.6902202e+09   0.000000e+00   0.000000e+00      3s

Solved in 307 iterations and 2.95 seconds (2.79 work units)
Optimal objective  5.690220243e+09

User-callback calls 329, time in user-callback 0.00 sec
Gurobi Optimizer version 11.0.3 build v11.0.3rc0 (win64 - Windows 11+.0 (26200.2))

CPU model: 12th Gen Intel(R) Core(TM) i7-1260P, instruction set [SSE2|AVX|AVX2]
Thread count: 12 physical cores, 16 logical processors, using up to 16 threads

Optimize a model with 3494880 rows, 3719542 columns and 12791361 nonzeros
Coefficient statistics:
  Matrix range     [5e-03, 2e+01]
  Objective range  [3e+02, 1e+08]
  Bounds range     [6e-06, 1e+01]
  RHS range        [7e-03, 8e+02]
LP warm-start: use basis

Iteration    Objective       Primal Inf.    Dual Inf.      Time
       0    5.6902202e+09   5.203808e+01   0.000000e+00      1s
     504    5.6930169e+09   0.000000e+00   0.000000e+00      3s

Solved in 504 iterations and 3.41 seconds (2.97 work units)
Optimal objective  5.693016917e+09

User-callback calls 526, time in user-callback 0.00 sec
Gurobi Optimizer version 11.0.3 build v11.0.3rc0 (win64 - Windows 11+.0 (26200.2))

CPU model: 12th Gen Intel(R) Core(TM) i7-1260P, instruction set [SSE2|AVX|AVX2]
Thread count: 12 physical cores, 16 logical processors, using up to 16 threads

Optimize a model with 3494912 rows, 3719542 columns and 12902584 nonzeros
Coefficient statistics:
  Matrix range     [5e-03, 2e+01]
  Objective range  [3e+02, 1e+08]
  Bounds range     [6e-06, 1e+01]
  RHS range        [7e-03, 8e+02]
LP warm-start: use basis

Iteration    Objective       Primal Inf.    Dual Inf.      Time
       0    5.6930169e+09   5.021865e+01   0.000000e+00      2s
     442    5.6962540e+09   0.000000e+00   0.000000e+00      3s

Solved in 442 iterations and 3.34 seconds (2.96 work units)
Optimal objective  5.696254031e+09

User-callback calls 464, time in user-callback 0.00 sec
Gurobi Optimizer version 11.0.3 build v11.0.3rc0 (win64 - Windows 11+.0 (26200.2))

CPU model: 12th Gen Intel(R) Core(TM) i7-1260P, instruction set [SSE2|AVX|AVX2]
Thread count: 12 physical cores, 16 logical processors, using up to 16 threads

Optimize a model with 3494944 rows, 3719542 columns and 13063559 nonzeros
Coefficient statistics:
  Matrix range     [5e-03, 2e+01]
  Objective range  [3e+02, 1e+08]
  Bounds range     [6e-06, 1e+01]
  RHS range        [7e-03, 8e+02]
LP warm-start: use basis

Iteration    Objective       Primal Inf.    Dual Inf.      Time
       0    5.6962540e+09   4.482897e+01   0.000000e+00      2s
     313    5.6981476e+09   0.000000e+00   0.000000e+00      3s

Solved in 313 iterations and 3.38 seconds (2.89 work units)
Optimal objective  5.698147580e+09

User-callback calls 335, time in user-callback 0.00 sec
Gurobi Optimizer version 11.0.3 build v11.0.3rc0 (win64 - Windows 11+.0 (26200.2))

CPU model: 12th Gen Intel(R) Core(TM) i7-1260P, instruction set [SSE2|AVX|AVX2]
Thread count: 12 physical cores, 16 logical processors, using up to 16 threads

Optimize a model with 3494976 rows, 3719542 columns and 13221407 nonzeros
Coefficient statistics:
  Matrix range     [5e-03, 2e+01]
  Objective range  [3e+02, 1e+08]
  Bounds range     [6e-06, 1e+01]
  RHS range        [7e-03, 8e+02]
LP warm-start: use basis

Iteration    Objective       Primal Inf.    Dual Inf.      Time
       0    5.6981476e+09   6.944741e+01   0.000000e+00      1s
     460    5.7003217e+09   0.000000e+00   0.000000e+00      4s

Solved in 460 iterations and 3.69 seconds (3.19 work units)
Optimal objective  5.700321674e+09

User-callback calls 482, time in user-callback 0.00 sec
Gurobi Optimizer version 11.0.3 build v11.0.3rc0 (win64 - Windows 11+.0 (26200.2))

CPU model: 12th Gen Intel(R) Core(TM) i7-1260P, instruction set [SSE2|AVX|AVX2]
Thread count: 12 physical cores, 16 logical processors, using up to 16 threads

Optimize a model with 3495008 rows, 3719542 columns and 13312839 nonzeros
Coefficient statistics:
  Matrix range     [5e-03, 2e+01]
  Objective range  [3e+02, 1e+08]
  Bounds range     [6e-06, 1e+01]
  RHS range        [7e-03, 8e+02]
LP warm-start: use basis

Iteration    Objective       Primal Inf.    Dual Inf.      Time
       0    5.7003217e+09   5.469443e+01   0.000000e+00      1s
     237    5.7041775e+09   0.000000e+00   0.000000e+00      3s

Solved in 237 iterations and 3.33 seconds (2.87 work units)
Optimal objective  5.704177532e+09

User-callback calls 259, time in user-callback 0.00 sec
Gurobi Optimizer version 11.0.3 build v11.0.3rc0 (win64 - Windows 11+.0 (26200.2))

CPU model: 12th Gen Intel(R) Core(TM) i7-1260P, instruction set [SSE2|AVX|AVX2]
Thread count: 12 physical cores, 16 logical processors, using up to 16 threads

Optimize a model with 3495040 rows, 3719542 columns and 13435559 nonzeros
Coefficient statistics:
  Matrix range     [5e-03, 2e+01]
  Objective range  [3e+02, 1e+08]
  Bounds range     [6e-06, 1e+01]
  RHS range        [7e-03, 8e+02]
LP warm-start: use basis

Iteration    Objective       Primal Inf.    Dual Inf.      Time
       0    5.7041775e+09   7.483413e+01   0.000000e+00      1s
     209    5.7069555e+09   0.000000e+00   0.000000e+00      3s

Solved in 209 iterations and 2.91 seconds (2.91 work units)
Optimal objective  5.706955463e+09

User-callback calls 231, time in user-callback 0.00 sec
Gurobi Optimizer version 11.0.3 build v11.0.3rc0 (win64 - Windows 11+.0 (26200.2))

CPU model: 12th Gen Intel(R) Core(TM) i7-1260P, instruction set [SSE2|AVX|AVX2]
Thread count: 12 physical cores, 16 logical processors, using up to 16 threads

Optimize a model with 3495072 rows, 3719542 columns and 13565094 nonzeros
Coefficient statistics:
  Matrix range     [5e-03, 2e+01]
  Objective range  [3e+02, 1e+08]
  Bounds range     [6e-06, 1e+01]
  RHS range        [7e-03, 8e+02]
LP warm-start: use basis

Iteration    Objective       Primal Inf.    Dual Inf.      Time
       0    5.7069555e+09   8.048659e+01   0.000000e+00      2s
     303    5.7094679e+09   0.000000e+00   0.000000e+00      4s

Solved in 303 iterations and 3.62 seconds (2.98 work units)
Optimal objective  5.709467860e+09

User-callback calls 325, time in user-callback 0.00 sec
Gurobi Optimizer version 11.0.3 build v11.0.3rc0 (win64 - Windows 11+.0 (26200.2))

CPU model: 12th Gen Intel(R) Core(TM) i7-1260P, instruction set [SSE2|AVX|AVX2]
Thread count: 12 physical cores, 16 logical processors, using up to 16 threads

Optimize a model with 3495104 rows, 3719542 columns and 13698095 nonzeros
Coefficient statistics:
  Matrix range     [5e-03, 2e+01]
  Objective range  [3e+02, 1e+08]
  Bounds range     [6e-06, 1e+01]
  RHS range        [7e-03, 8e+02]
LP warm-start: use basis

Iteration    Objective       Primal Inf.    Dual Inf.      Time
       0    5.7094679e+09   7.692010e+01   0.000000e+00      1s
     249    5.7124519e+09   0.000000e+00   0.000000e+00      3s

Solved in 249 iterations and 3.25 seconds (2.85 work units)
Optimal objective  5.712451920e+09

User-callback calls 271, time in user-callback 0.00 sec
Gurobi Optimizer version 11.0.3 build v11.0.3rc0 (win64 - Windows 11+.0 (26200.2))

CPU model: 12th Gen Intel(R) Core(TM) i7-1260P, instruction set [SSE2|AVX|AVX2]
Thread count: 12 physical cores, 16 logical processors, using up to 16 threads

Optimize a model with 3495136 rows, 3719542 columns and 13783677 nonzeros
Coefficient statistics:
  Matrix range     [5e-03, 2e+01]
  Objective range  [3e+02, 1e+08]
  Bounds range     [6e-06, 1e+01]
  RHS range        [7e-03, 8e+02]
LP warm-start: use basis

Iteration    Objective       Primal Inf.    Dual Inf.      Time
       0    5.7124519e+09   6.070188e+01   0.000000e+00      1s
     189    5.7159297e+09   0.000000e+00   0.000000e+00      3s

Solved in 189 iterations and 3.22 seconds (2.85 work units)
Optimal objective  5.715929727e+09

User-callback calls 211, time in user-callback 0.00 sec
Gurobi Optimizer version 11.0.3 build v11.0.3rc0 (win64 - Windows 11+.0 (26200.2))

CPU model: 12th Gen Intel(R) Core(TM) i7-1260P, instruction set [SSE2|AVX|AVX2]
Thread count: 12 physical cores, 16 logical processors, using up to 16 threads

Optimize a model with 3495168 rows, 3719542 columns and 13898358 nonzeros
Coefficient statistics:
  Matrix range     [5e-03, 2e+01]
  Objective range  [3e+02, 1e+08]
  Bounds range     [6e-06, 1e+01]
  RHS range        [7e-03, 8e+02]
LP warm-start: use basis

Iteration    Objective       Primal Inf.    Dual Inf.      Time
       0    5.7159297e+09   6.555097e+01   0.000000e+00      2s
     168    5.7184960e+09   0.000000e+00   0.000000e+00      3s

Solved in 168 iterations and 3.16 seconds (2.69 work units)
Optimal objective  5.718496044e+09

User-callback calls 190, time in user-callback 0.00 sec
Gurobi Optimizer version 11.0.3 build v11.0.3rc0 (win64 - Windows 11+.0 (26200.2))

CPU model: 12th Gen Intel(R) Core(TM) i7-1260P, instruction set [SSE2|AVX|AVX2]
Thread count: 12 physical cores, 16 logical processors, using up to 16 threads

Optimize a model with 3495200 rows, 3719542 columns and 14027981 nonzeros
Coefficient statistics:
  Matrix range     [5e-03, 2e+01]
  Objective range  [3e+02, 1e+08]
  Bounds range     [6e-06, 1e+01]
  RHS range        [7e-03, 8e+02]
LP warm-start: use basis

Iteration    Objective       Primal Inf.    Dual Inf.      Time
       0    5.7184960e+09   5.241890e+01   0.000000e+00      1s
     125    5.7210042e+09   0.000000e+00   0.000000e+00      3s

Solved in 125 iterations and 2.83 seconds (2.73 work units)
Optimal objective  5.721004171e+09

User-callback calls 147, time in user-callback 0.00 sec
Gurobi Optimizer version 11.0.3 build v11.0.3rc0 (win64 - Windows 11+.0 (26200.2))

CPU model: 12th Gen Intel(R) Core(TM) i7-1260P, instruction set [SSE2|AVX|AVX2]
Thread count: 12 physical cores, 16 logical processors, using up to 16 threads

Optimize a model with 3495232 rows, 3719542 columns and 14172155 nonzeros
Coefficient statistics:
  Matrix range     [5e-03, 2e+01]
  Objective range  [3e+02, 1e+08]
  Bounds range     [6e-06, 1e+01]
  RHS range        [7e-03, 8e+02]
LP warm-start: use basis

Iteration    Objective       Primal Inf.    Dual Inf.      Time
       0    5.7210042e+09   4.679345e+01   0.000000e+00      1s
     328    5.7226222e+09   0.000000e+00   0.000000e+00      3s

Solved in 328 iterations and 2.70 seconds (3.06 work units)
Optimal objective  5.722622173e+09

User-callback calls 350, time in user-callback 0.00 sec
Gurobi Optimizer version 11.0.3 build v11.0.3rc0 (win64 - Windows 11+.0 (26200.2))

CPU model: 12th Gen Intel(R) Core(TM) i7-1260P, instruction set [SSE2|AVX|AVX2]
Thread count: 12 physical cores, 16 logical processors, using up to 16 threads

Optimize a model with 3495264 rows, 3719542 columns and 14313593 nonzeros
Coefficient statistics:
  Matrix range     [5e-03, 2e+01]
  Objective range  [3e+02, 1e+08]
  Bounds range     [6e-06, 1e+01]
  RHS range        [7e-03, 8e+02]
LP warm-start: use basis

Iteration    Objective       Primal Inf.    Dual Inf.      Time
       0    5.7226222e+09   5.307761e+01   0.000000e+00      1s
     324    5.7247500e+09   0.000000e+00   0.000000e+00      3s

Solved in 324 iterations and 3.34 seconds (3.05 work units)
Optimal objective  5.724750020e+09

User-callback calls 346, time in user-callback 0.00 sec
Gurobi Optimizer version 11.0.3 build v11.0.3rc0 (win64 - Windows 11+.0 (26200.2))

CPU model: 12th Gen Intel(R) Core(TM) i7-1260P, instruction set [SSE2|AVX|AVX2]
Thread count: 12 physical cores, 16 logical processors, using up to 16 threads

Optimize a model with 3495296 rows, 3719542 columns and 14440290 nonzeros
Coefficient statistics:
  Matrix range     [5e-03, 2e+01]
  Objective range  [3e+02, 1e+08]
  Bounds range     [6e-06, 1e+01]
  RHS range        [7e-03, 8e+02]
LP warm-start: use basis

Iteration    Objective       Primal Inf.    Dual Inf.      Time
       0    5.7247500e+09   5.020375e+01   0.000000e+00      1s
     132    5.7268644e+09   0.000000e+00   0.000000e+00      3s

Solved in 132 iterations and 3.17 seconds (2.80 work units)
Optimal objective  5.726864412e+09

User-callback calls 154, time in user-callback 0.00 sec
Gurobi Optimizer version 11.0.3 build v11.0.3rc0 (win64 - Windows 11+.0 (26200.2))

CPU model: 12th Gen Intel(R) Core(TM) i7-1260P, instruction set [SSE2|AVX|AVX2]
Thread count: 12 physical cores, 16 logical processors, using up to 16 threads

Optimize a model with 3495328 rows, 3719542 columns and 14607254 nonzeros
Coefficient statistics:
  Matrix range     [5e-03, 2e+01]
  Objective range  [3e+02, 1e+08]
  Bounds range     [6e-06, 1e+01]
  RHS range        [7e-03, 8e+02]
LP warm-start: use basis

Iteration    Objective       Primal Inf.    Dual Inf.      Time
       0    5.7268644e+09   5.840481e+01   0.000000e+00      2s
     165    5.7282337e+09   0.000000e+00   0.000000e+00      3s

Solved in 165 iterations and 3.44 seconds (2.81 work units)
Optimal objective  5.728233683e+09

User-callback calls 187, time in user-callback 0.00 sec
Gurobi Optimizer version 11.0.3 build v11.0.3rc0 (win64 - Windows 11+.0 (26200.2))

CPU model: 12th Gen Intel(R) Core(TM) i7-1260P, instruction set [SSE2|AVX|AVX2]
Thread count: 12 physical cores, 16 logical processors, using up to 16 threads

Optimize a model with 3495360 rows, 3719542 columns and 14715315 nonzeros
Coefficient statistics:
  Matrix range     [5e-03, 2e+01]
  Objective range  [3e+02, 1e+08]
  Bounds range     [6e-06, 1e+01]
  RHS range        [4e-03, 8e+02]
LP warm-start: use basis

Iteration    Objective       Primal Inf.    Dual Inf.      Time
       0    5.7282337e+09   4.103911e+01   0.000000e+00      1s
     165    5.7296913e+09   0.000000e+00   0.000000e+00      3s

Solved in 165 iterations and 2.95 seconds (2.80 work units)
Optimal objective  5.729691329e+09

User-callback calls 187, time in user-callback 0.00 sec
Gurobi Optimizer version 11.0.3 build v11.0.3rc0 (win64 - Windows 11+.0 (26200.2))

CPU model: 12th Gen Intel(R) Core(TM) i7-1260P, instruction set [SSE2|AVX|AVX2]
Thread count: 12 physical cores, 16 logical processors, using up to 16 threads

Optimize a model with 3495392 rows, 3719542 columns and 14784802 nonzeros
Coefficient statistics:
  Matrix range     [5e-03, 2e+01]
  Objective range  [3e+02, 1e+08]
  Bounds range     [6e-06, 1e+01]
  RHS range        [4e-03, 8e+02]
LP warm-start: use basis

Iteration    Objective       Primal Inf.    Dual Inf.      Time
       0    5.7296913e+09   5.379268e+01   0.000000e+00      1s
      85    5.7316764e+09   0.000000e+00   0.000000e+00      3s

Solved in 85 iterations and 2.93 seconds (2.68 work units)
Optimal objective  5.731676386e+09

User-callback calls 107, time in user-callback 0.00 sec
Gurobi Optimizer version 11.0.3 build v11.0.3rc0 (win64 - Windows 11+.0 (26200.2))

CPU model: 12th Gen Intel(R) Core(TM) i7-1260P, instruction set [SSE2|AVX|AVX2]
Thread count: 12 physical cores, 16 logical processors, using up to 16 threads

Optimize a model with 3495424 rows, 3719542 columns and 14869128 nonzeros
Coefficient statistics:
  Matrix range     [5e-03, 2e+01]
  Objective range  [3e+02, 1e+08]
  Bounds range     [6e-06, 1e+01]
  RHS range        [4e-03, 8e+02]
LP warm-start: use basis

Iteration    Objective       Primal Inf.    Dual Inf.      Time
       0    5.7316764e+09   5.101758e+01   0.000000e+00      1s
     152    5.7340381e+09   0.000000e+00   0.000000e+00      3s

Solved in 152 iterations and 3.10 seconds (2.87 work units)
Optimal objective  5.734038068e+09

User-callback calls 174, time in user-callback 0.00 sec
Gurobi Optimizer version 11.0.3 build v11.0.3rc0 (win64 - Windows 11+.0 (26200.2))

CPU model: 12th Gen Intel(R) Core(TM) i7-1260P, instruction set [SSE2|AVX|AVX2]
Thread count: 12 physical cores, 16 logical processors, using up to 16 threads

Optimize a model with 3495456 rows, 3719542 columns and 14999541 nonzeros
Coefficient statistics:
  Matrix range     [5e-03, 2e+01]
  Objective range  [3e+02, 1e+08]
  Bounds range     [6e-06, 1e+01]
  RHS range        [4e-03, 8e+02]
LP warm-start: use basis

Iteration    Objective       Primal Inf.    Dual Inf.      Time
       0    5.7340381e+09   4.438322e+01   0.000000e+00      2s
     276    5.7350824e+09   0.000000e+00   0.000000e+00      3s

Solved in 276 iterations and 3.50 seconds (3.00 work units)
Optimal objective  5.735082414e+09

User-callback calls 298, time in user-callback 0.00 sec
Gurobi Optimizer version 11.0.3 build v11.0.3rc0 (win64 - Windows 11+.0 (26200.2))

CPU model: 12th Gen Intel(R) Core(TM) i7-1260P, instruction set [SSE2|AVX|AVX2]
Thread count: 12 physical cores, 16 logical processors, using up to 16 threads

Optimize a model with 3495488 rows, 3719542 columns and 15079400 nonzeros
Coefficient statistics:
  Matrix range     [5e-03, 2e+01]
  Objective range  [3e+02, 1e+08]
  Bounds range     [6e-06, 1e+01]
  RHS range        [4e-03, 8e+02]
LP warm-start: use basis

Iteration    Objective       Primal Inf.    Dual Inf.      Time
       0    5.7350824e+09   5.038666e+01   0.000000e+00      1s
     178    5.7370108e+09   0.000000e+00   0.000000e+00      3s

Solved in 178 iterations and 3.12 seconds (2.84 work units)
Optimal objective  5.737010787e+09

User-callback calls 200, time in user-callback 0.00 sec
Gurobi Optimizer version 11.0.3 build v11.0.3rc0 (win64 - Windows 11+.0 (26200.2))

CPU model: 12th Gen Intel(R) Core(TM) i7-1260P, instruction set [SSE2|AVX|AVX2]
Thread count: 12 physical cores, 16 logical processors, using up to 16 threads

Optimize a model with 3495520 rows, 3719542 columns and 15197420 nonzeros
Coefficient statistics:
  Matrix range     [5e-03, 2e+01]
  Objective range  [3e+02, 1e+08]
  Bounds range     [6e-06, 1e+01]
  RHS range        [4e-03, 8e+02]
LP warm-start: use basis

Iteration    Objective       Primal Inf.    Dual Inf.      Time
       0    5.7370108e+09   4.508526e+01   0.000000e+00      2s
     133    5.7387093e+09   0.000000e+00   0.000000e+00      3s

Solved in 133 iterations and 3.49 seconds (2.88 work units)
Optimal objective  5.738709329e+09

User-callback calls 155, time in user-callback 0.00 sec
Gurobi Optimizer version 11.0.3 build v11.0.3rc0 (win64 - Windows 11+.0 (26200.2))

CPU model: 12th Gen Intel(R) Core(TM) i7-1260P, instruction set [SSE2|AVX|AVX2]
Thread count: 12 physical cores, 16 logical processors, using up to 16 threads

Optimize a model with 3495552 rows, 3719542 columns and 15336914 nonzeros
Coefficient statistics:
  Matrix range     [5e-03, 2e+01]
  Objective range  [3e+02, 1e+08]
  Bounds range     [6e-06, 1e+01]
  RHS range        [4e-03, 8e+02]
LP warm-start: use basis

Iteration    Objective       Primal Inf.    Dual Inf.      Time
       0    5.7387093e+09   5.092428e+01   0.000000e+00      2s
     190    5.7397904e+09   0.000000e+00   0.000000e+00      4s

Solved in 190 iterations and 3.84 seconds (2.95 work units)
Optimal objective  5.739790399e+09

User-callback calls 212, time in user-callback 0.00 sec
Gurobi Optimizer version 11.0.3 build v11.0.3rc0 (win64 - Windows 11+.0 (26200.2))

CPU model: 12th Gen Intel(R) Core(TM) i7-1260P, instruction set [SSE2|AVX|AVX2]
Thread count: 12 physical cores, 16 logical processors, using up to 16 threads

Optimize a model with 3495584 rows, 3719542 columns and 15528754 nonzeros
Coefficient statistics:
  Matrix range     [5e-03, 2e+01]
  Objective range  [3e+02, 1e+08]
  Bounds range     [6e-06, 1e+01]
  RHS range        [4e-03, 8e+02]
LP warm-start: use basis

Iteration    Objective       Primal Inf.    Dual Inf.      Time
       0    5.7397904e+09   1.966672e+01   0.000000e+00      2s
     202    5.7398763e+09   0.000000e+00   0.000000e+00      4s

Solved in 202 iterations and 4.01 seconds (2.96 work units)
Optimal objective  5.739876327e+09

User-callback calls 224, time in user-callback 0.00 sec
Gurobi Optimizer version 11.0.3 build v11.0.3rc0 (win64 - Windows 11+.0 (26200.2))

CPU model: 12th Gen Intel(R) Core(TM) i7-1260P, instruction set [SSE2|AVX|AVX2]
Thread count: 12 physical cores, 16 logical processors, using up to 16 threads

Optimize a model with 3495616 rows, 3719542 columns and 15641947 nonzeros
Coefficient statistics:
  Matrix range     [5e-03, 2e+01]
  Objective range  [3e+02, 1e+08]
  Bounds range     [6e-06, 1e+01]
  RHS range        [4e-03, 8e+02]
LP warm-start: use basis

Iteration    Objective       Primal Inf.    Dual Inf.      Time
       0    5.7398763e+09   3.984210e+01   0.000000e+00      2s
     456    5.7408902e+09   0.000000e+00   0.000000e+00      4s

Solved in 456 iterations and 4.30 seconds (3.39 work units)
Optimal objective  5.740890164e+09

User-callback calls 478, time in user-callback 0.00 sec
Gurobi Optimizer version 11.0.3 build v11.0.3rc0 (win64 - Windows 11+.0 (26200.2))

CPU model: 12th Gen Intel(R) Core(TM) i7-1260P, instruction set [SSE2|AVX|AVX2]
Thread count: 12 physical cores, 16 logical processors, using up to 16 threads

Optimize a model with 3495648 rows, 3719542 columns and 15765183 nonzeros
Coefficient statistics:
  Matrix range     [5e-03, 2e+01]
  Objective range  [3e+02, 1e+08]
  Bounds range     [6e-06, 1e+01]
  RHS range        [4e-03, 8e+02]
LP warm-start: use basis

Iteration    Objective       Primal Inf.    Dual Inf.      Time
       0    5.7408902e+09   3.792649e+01   0.000000e+00      1s
     302    5.7425624e+09   0.000000e+00   0.000000e+00      4s

Solved in 302 iterations and 3.92 seconds (3.33 work units)
Optimal objective  5.742562420e+09

User-callback calls 324, time in user-callback 0.01 sec
Gurobi Optimizer version 11.0.3 build v11.0.3rc0 (win64 - Windows 11+.0 (26200.2))

CPU model: 12th Gen Intel(R) Core(TM) i7-1260P, instruction set [SSE2|AVX|AVX2]
Thread count: 12 physical cores, 16 logical processors, using up to 16 threads

Optimize a model with 3495680 rows, 3719542 columns and 15884403 nonzeros
Coefficient statistics:
  Matrix range     [5e-03, 2e+01]
  Objective range  [3e+02, 1e+08]
  Bounds range     [6e-06, 1e+01]
  RHS range        [4e-03, 8e+02]
LP warm-start: use basis

Iteration    Objective       Primal Inf.    Dual Inf.      Time
       0    5.7425624e+09   3.397466e+01   0.000000e+00      2s
     463    5.7444870e+09   0.000000e+00   0.000000e+00      5s

Solved in 463 iterations and 4.80 seconds (3.55 work units)
Optimal objective  5.744486968e+09

User-callback calls 485, time in user-callback 0.01 sec
Gurobi Optimizer version 11.0.3 build v11.0.3rc0 (win64 - Windows 11+.0 (26200.2))

CPU model: 12th Gen Intel(R) Core(TM) i7-1260P, instruction set [SSE2|AVX|AVX2]
Thread count: 12 physical cores, 16 logical processors, using up to 16 threads

Optimize a model with 3495712 rows, 3719542 columns and 15994902 nonzeros
Coefficient statistics:
  Matrix range     [5e-03, 2e+01]
  Objective range  [3e+02, 1e+08]
  Bounds range     [6e-06, 1e+01]
  RHS range        [4e-03, 8e+02]
LP warm-start: use basis

Iteration    Objective       Primal Inf.    Dual Inf.      Time
       0    5.7444870e+09   2.922650e+01   0.000000e+00      2s
     176    5.7456774e+09   0.000000e+00   0.000000e+00      4s

Solved in 176 iterations and 3.63 seconds (3.03 work units)
Optimal objective  5.745677431e+09

User-callback calls 198, time in user-callback 0.00 sec
Gurobi Optimizer version 11.0.3 build v11.0.3rc0 (win64 - Windows 11+.0 (26200.2))

CPU model: 12th Gen Intel(R) Core(TM) i7-1260P, instruction set [SSE2|AVX|AVX2]
Thread count: 12 physical cores, 16 logical processors, using up to 16 threads

Optimize a model with 3495744 rows, 3719542 columns and 16126692 nonzeros
Coefficient statistics:
  Matrix range     [5e-03, 2e+01]
  Objective range  [3e+02, 1e+08]
  Bounds range     [6e-06, 1e+01]
  RHS range        [4e-03, 8e+02]
LP warm-start: use basis

Iteration    Objective       Primal Inf.    Dual Inf.      Time
       0    5.7456774e+09   2.965345e+01   0.000000e+00      2s
     460    5.7476039e+09   0.000000e+00   0.000000e+00      5s

Solved in 460 iterations and 5.34 seconds (3.90 work units)
Optimal objective  5.747603920e+09

User-callback calls 482, time in user-callback 0.00 sec
Gurobi Optimizer version 11.0.3 build v11.0.3rc0 (win64 - Windows 11+.0 (26200.2))

CPU model: 12th Gen Intel(R) Core(TM) i7-1260P, instruction set [SSE2|AVX|AVX2]
Thread count: 12 physical cores, 16 logical processors, using up to 16 threads

Optimize a model with 3495776 rows, 3719542 columns and 16285115 nonzeros
Coefficient statistics:
  Matrix range     [5e-03, 2e+01]
  Objective range  [3e+02, 1e+08]
  Bounds range     [6e-06, 1e+01]
  RHS range        [4e-03, 8e+02]
LP warm-start: use basis

Iteration    Objective       Primal Inf.    Dual Inf.      Time
       0    5.7476039e+09   2.422653e+01   0.000000e+00      2s
    1231    5.7490167e+09   0.000000e+00   0.000000e+00      5s

Solved in 1231 iterations and 5.49 seconds (4.33 work units)
Optimal objective  5.749016723e+09

User-callback calls 1253, time in user-callback 0.01 sec
Gurobi Optimizer version 11.0.3 build v11.0.3rc0 (win64 - Windows 11+.0 (26200.2))

CPU model: 12th Gen Intel(R) Core(TM) i7-1260P, instruction set [SSE2|AVX|AVX2]
Thread count: 12 physical cores, 16 logical processors, using up to 16 threads

Optimize a model with 3495808 rows, 3719542 columns and 16372999 nonzeros
Coefficient statistics:
  Matrix range     [5e-03, 2e+01]
  Objective range  [3e+02, 1e+08]
  Bounds range     [6e-06, 1e+01]
  RHS range        [4e-03, 8e+02]
LP warm-start: use basis

Iteration    Objective       Primal Inf.    Dual Inf.      Time
       0    5.7490167e+09   4.965702e+01   0.000000e+00      2s
     140    5.7491036e+09   0.000000e+00   0.000000e+00      3s

Solved in 140 iterations and 3.06 seconds (2.75 work units)
Optimal objective  5.749103627e+09

User-callback calls 162, time in user-callback 0.00 sec
Gurobi Optimizer version 11.0.3 build v11.0.3rc0 (win64 - Windows 11+.0 (26200.2))

CPU model: 12th Gen Intel(R) Core(TM) i7-1260P, instruction set [SSE2|AVX|AVX2]
Thread count: 12 physical cores, 16 logical processors, using up to 16 threads

Optimize a model with 3495840 rows, 3719542 columns and 16503019 nonzeros
Coefficient statistics:
  Matrix range     [5e-03, 2e+01]
  Objective range  [3e+02, 1e+08]
  Bounds range     [6e-06, 1e+01]
  RHS range        [4e-03, 8e+02]
LP warm-start: use basis

Iteration    Objective       Primal Inf.    Dual Inf.      Time
       0    5.7491036e+09   2.525421e+01   0.000000e+00      1s
     619    5.7509403e+09   0.000000e+00   0.000000e+00      6s

Solved in 619 iterations and 5.79 seconds (4.73 work units)
Optimal objective  5.750940347e+09

User-callback calls 641, time in user-callback 0.00 sec
Gurobi Optimizer version 11.0.3 build v11.0.3rc0 (win64 - Windows 11+.0 (26200.2))

CPU model: 12th Gen Intel(R) Core(TM) i7-1260P, instruction set [SSE2|AVX|AVX2]
Thread count: 12 physical cores, 16 logical processors, using up to 16 threads

Optimize a model with 3495872 rows, 3719542 columns and 16611149 nonzeros
Coefficient statistics:
  Matrix range     [5e-03, 2e+01]
  Objective range  [3e+02, 1e+08]
  Bounds range     [6e-06, 1e+01]
  RHS range        [4e-03, 8e+02]
LP warm-start: use basis

Iteration    Objective       Primal Inf.    Dual Inf.      Time
       0    5.7509403e+09   3.207253e+01   0.000000e+00      2s
     203    5.7517996e+09   0.000000e+00   0.000000e+00      4s

Solved in 203 iterations and 4.19 seconds (3.11 work units)
Optimal objective  5.751799612e+09

User-callback calls 225, time in user-callback 0.00 sec
Gurobi Optimizer version 11.0.3 build v11.0.3rc0 (win64 - Windows 11+.0 (26200.2))

CPU model: 12th Gen Intel(R) Core(TM) i7-1260P, instruction set [SSE2|AVX|AVX2]
Thread count: 12 physical cores, 16 logical processors, using up to 16 threads

Optimize a model with 3495904 rows, 3719542 columns and 16717086 nonzeros
Coefficient statistics:
  Matrix range     [5e-03, 2e+01]
  Objective range  [3e+02, 1e+08]
  Bounds range     [6e-06, 1e+01]
  RHS range        [4e-03, 8e+02]
LP warm-start: use basis

Iteration    Objective       Primal Inf.    Dual Inf.      Time
       0    5.7517996e+09   2.059301e+01   0.000000e+00      1s
     364    5.7528935e+09   0.000000e+00   0.000000e+00      5s

Solved in 364 iterations and 4.50 seconds (3.67 work units)
Optimal objective  5.752893483e+09

User-callback calls 386, time in user-callback 0.00 sec
Gurobi Optimizer version 11.0.3 build v11.0.3rc0 (win64 - Windows 11+.0 (26200.2))

CPU model: 12th Gen Intel(R) Core(TM) i7-1260P, instruction set [SSE2|AVX|AVX2]
Thread count: 12 physical cores, 16 logical processors, using up to 16 threads

Optimize a model with 3495936 rows, 3719542 columns and 16904568 nonzeros
Coefficient statistics:
  Matrix range     [5e-03, 2e+01]
  Objective range  [3e+02, 1e+08]
  Bounds range     [6e-06, 1e+01]
  RHS range        [4e-03, 8e+02]
LP warm-start: use basis

Iteration    Objective       Primal Inf.    Dual Inf.      Time
       0    5.7528935e+09   2.724040e+01   0.000000e+00      2s
     256    5.7538334e+09   0.000000e+00   0.000000e+00      4s

Solved in 256 iterations and 4.14 seconds (3.18 work units)
Optimal objective  5.753833364e+09

User-callback calls 278, time in user-callback 0.00 sec
Gurobi Optimizer version 11.0.3 build v11.0.3rc0 (win64 - Windows 11+.0 (26200.2))

CPU model: 12th Gen Intel(R) Core(TM) i7-1260P, instruction set [SSE2|AVX|AVX2]
Thread count: 12 physical cores, 16 logical processors, using up to 16 threads

Optimize a model with 3495968 rows, 3719542 columns and 17056279 nonzeros
Coefficient statistics:
  Matrix range     [5e-03, 2e+01]
  Objective range  [3e+02, 1e+08]
  Bounds range     [6e-06, 1e+01]
  RHS range        [4e-03, 8e+02]
LP warm-start: use basis

Iteration    Objective       Primal Inf.    Dual Inf.      Time
       0    5.7538334e+09   3.131169e+01   0.000000e+00      1s
     378    5.7547894e+09   0.000000e+00   0.000000e+00      5s

Solved in 378 iterations and 4.50 seconds (3.90 work units)
Optimal objective  5.754789419e+09

User-callback calls 400, time in user-callback 0.00 sec
Gurobi Optimizer version 11.0.3 build v11.0.3rc0 (win64 - Windows 11+.0 (26200.2))

CPU model: 12th Gen Intel(R) Core(TM) i7-1260P, instruction set [SSE2|AVX|AVX2]
Thread count: 12 physical cores, 16 logical processors, using up to 16 threads

Optimize a model with 3496000 rows, 3719542 columns and 17207142 nonzeros
Coefficient statistics:
  Matrix range     [5e-03, 2e+01]
  Objective range  [3e+02, 1e+08]
  Bounds range     [6e-06, 1e+01]
  RHS range        [4e-03, 8e+02]
LP warm-start: use basis

Iteration    Objective       Primal Inf.    Dual Inf.      Time
       0    5.7547894e+09   3.619831e+01   0.000000e+00      1s
     383    5.7556166e+09   0.000000e+00   0.000000e+00      5s

Solved in 383 iterations and 4.83 seconds (4.01 work units)
Optimal objective  5.755616621e+09

User-callback calls 405, time in user-callback 0.00 sec
Gurobi Optimizer version 11.0.3 build v11.0.3rc0 (win64 - Windows 11+.0 (26200.2))

CPU model: 12th Gen Intel(R) Core(TM) i7-1260P, instruction set [SSE2|AVX|AVX2]
Thread count: 12 physical cores, 16 logical processors, using up to 16 threads

Optimize a model with 3496032 rows, 3719542 columns and 17347612 nonzeros
Coefficient statistics:
  Matrix range     [5e-03, 2e+01]
  Objective range  [3e+02, 1e+08]
  Bounds range     [6e-06, 1e+01]
  RHS range        [4e-03, 8e+02]
LP warm-start: use basis

Iteration    Objective       Primal Inf.    Dual Inf.      Time
       0    5.7556166e+09   3.391881e+01   0.000000e+00      1s
     141    5.7564046e+09   0.000000e+00   0.000000e+00      3s

Solved in 141 iterations and 3.12 seconds (3.20 work units)
Optimal objective  5.756404633e+09

User-callback calls 163, time in user-callback 0.00 sec
Gurobi Optimizer version 11.0.3 build v11.0.3rc0 (win64 - Windows 11+.0 (26200.2))

CPU model: 12th Gen Intel(R) Core(TM) i7-1260P, instruction set [SSE2|AVX|AVX2]
Thread count: 12 physical cores, 16 logical processors, using up to 16 threads

Optimize a model with 3496064 rows, 3719542 columns and 17479069 nonzeros
Coefficient statistics:
  Matrix range     [5e-03, 2e+01]
  Objective range  [3e+02, 1e+08]
  Bounds range     [6e-06, 1e+01]
  RHS range        [4e-03, 8e+02]
LP warm-start: use basis

Iteration    Objective       Primal Inf.    Dual Inf.      Time
       0    5.7564046e+09   2.835875e+01   0.000000e+00      2s
     213    5.7569289e+09   0.000000e+00   0.000000e+00      5s

Solved in 213 iterations and 5.34 seconds (3.73 work units)
Optimal objective  5.756928908e+09

User-callback calls 235, time in user-callback 0.00 sec
Gurobi Optimizer version 11.0.3 build v11.0.3rc0 (win64 - Windows 11+.0 (26200.2))

CPU model: 12th Gen Intel(R) Core(TM) i7-1260P, instruction set [SSE2|AVX|AVX2]
Thread count: 12 physical cores, 16 logical processors, using up to 16 threads

Optimize a model with 3496096 rows, 3719542 columns and 17630716 nonzeros
Coefficient statistics:
  Matrix range     [5e-03, 2e+01]
  Objective range  [3e+02, 1e+08]
  Bounds range     [6e-06, 1e+01]
  RHS range        [4e-03, 8e+02]
LP warm-start: use basis

Iteration    Objective       Primal Inf.    Dual Inf.      Time
       0    5.7569289e+09   3.017271e+01   0.000000e+00      2s
     372    5.7580670e+09   0.000000e+00   0.000000e+00      5s

Solved in 372 iterations and 6.27 seconds (4.90 work units)
Optimal objective  5.758066977e+09

User-callback calls 394, time in user-callback 0.00 sec
Gurobi Optimizer version 11.0.3 build v11.0.3rc0 (win64 - Windows 11+.0 (26200.2))

CPU model: 12th Gen Intel(R) Core(TM) i7-1260P, instruction set [SSE2|AVX|AVX2]
Thread count: 12 physical cores, 16 logical processors, using up to 16 threads

Optimize a model with 3496128 rows, 3719542 columns and 17728473 nonzeros
Coefficient statistics:
  Matrix range     [5e-03, 2e+01]
  Objective range  [3e+02, 1e+08]
  Bounds range     [6e-06, 1e+01]
  RHS range        [4e-03, 8e+02]
LP warm-start: use basis

Iteration    Objective       Primal Inf.    Dual Inf.      Time
       0    5.7580670e+09   2.818091e+01   0.000000e+00      2s
     165    5.7582314e+09   0.000000e+00   0.000000e+00      4s

Solved in 165 iterations and 4.39 seconds (3.29 work units)
Optimal objective  5.758231396e+09

User-callback calls 187, time in user-callback 0.00 sec
Gurobi Optimizer version 11.0.3 build v11.0.3rc0 (win64 - Windows 11+.0 (26200.2))

CPU model: 12th Gen Intel(R) Core(TM) i7-1260P, instruction set [SSE2|AVX|AVX2]
Thread count: 12 physical cores, 16 logical processors, using up to 16 threads

Optimize a model with 3496160 rows, 3719542 columns and 17866044 nonzeros
Coefficient statistics:
  Matrix range     [5e-03, 2e+01]
  Objective range  [3e+02, 1e+08]
  Bounds range     [6e-06, 1e+01]
  RHS range        [4e-03, 8e+02]
LP warm-start: use basis

Iteration    Objective       Primal Inf.    Dual Inf.      Time
       0    5.7582314e+09   2.233601e+01   0.000000e+00      1s
     188    5.7586166e+09   0.000000e+00   0.000000e+00      4s

Solved in 188 iterations and 3.66 seconds (3.40 work units)
Optimal objective  5.758616615e+09

User-callback calls 210, time in user-callback 0.00 sec
Gurobi Optimizer version 11.0.3 build v11.0.3rc0 (win64 - Windows 11+.0 (26200.2))

CPU model: 12th Gen Intel(R) Core(TM) i7-1260P, instruction set [SSE2|AVX|AVX2]
Thread count: 12 physical cores, 16 logical processors, using up to 16 threads

Optimize a model with 3496192 rows, 3719542 columns and 18011531 nonzeros
Coefficient statistics:
  Matrix range     [5e-03, 2e+01]
  Objective range  [3e+02, 1e+08]
  Bounds range     [6e-06, 1e+01]
  RHS range        [4e-03, 8e+02]
LP warm-start: use basis

Iteration    Objective       Primal Inf.    Dual Inf.      Time
       0    5.7586166e+09   3.210808e+01   0.000000e+00      2s
     206    5.7590502e+09   0.000000e+00   0.000000e+00      4s

Solved in 206 iterations and 4.43 seconds (3.74 work units)
Optimal objective  5.759050229e+09

User-callback calls 228, time in user-callback 0.00 sec
Gurobi Optimizer version 11.0.3 build v11.0.3rc0 (win64 - Windows 11+.0 (26200.2))

CPU model: 12th Gen Intel(R) Core(TM) i7-1260P, instruction set [SSE2|AVX|AVX2]
Thread count: 12 physical cores, 16 logical processors, using up to 16 threads

Optimize a model with 3496224 rows, 3719542 columns and 18160789 nonzeros
Coefficient statistics:
  Matrix range     [5e-03, 2e+01]
  Objective range  [3e+02, 1e+08]
  Bounds range     [6e-06, 1e+01]
  RHS range        [4e-03, 8e+02]
LP warm-start: use basis

Iteration    Objective       Primal Inf.    Dual Inf.      Time
       0    5.7590502e+09   2.642868e+01   0.000000e+00      2s
     203    5.7595595e+09   0.000000e+00   0.000000e+00      4s

Solved in 203 iterations and 4.40 seconds (3.65 work units)
Optimal objective  5.759559549e+09

User-callback calls 225, time in user-callback 0.00 sec
Gurobi Optimizer version 11.0.3 build v11.0.3rc0 (win64 - Windows 11+.0 (26200.2))

CPU model: 12th Gen Intel(R) Core(TM) i7-1260P, instruction set [SSE2|AVX|AVX2]
Thread count: 12 physical cores, 16 logical processors, using up to 16 threads

Optimize a model with 3496256 rows, 3719542 columns and 18259953 nonzeros
Coefficient statistics:
  Matrix range     [5e-03, 2e+01]
  Objective range  [3e+02, 1e+08]
  Bounds range     [6e-06, 1e+01]
  RHS range        [4e-03, 8e+02]
LP warm-start: use basis

Iteration    Objective       Primal Inf.    Dual Inf.      Time
       0    5.7595595e+09   2.627203e+01   0.000000e+00      1s
     294    5.7603237e+09   0.000000e+00   0.000000e+00      4s

Solved in 294 iterations and 4.43 seconds (3.87 work units)
Optimal objective  5.760323725e+09

User-callback calls 316, time in user-callback 0.00 sec
Gurobi Optimizer version 11.0.3 build v11.0.3rc0 (win64 - Windows 11+.0 (26200.2))

CPU model: 12th Gen Intel(R) Core(TM) i7-1260P, instruction set [SSE2|AVX|AVX2]
Thread count: 12 physical cores, 16 logical processors, using up to 16 threads

Optimize a model with 3496288 rows, 3719542 columns and 18417921 nonzeros
Coefficient statistics:
  Matrix range     [5e-03, 2e+01]
  Objective range  [3e+02, 1e+08]
  Bounds range     [6e-06, 1e+01]
  RHS range        [4e-03, 8e+02]
LP warm-start: use basis

Iteration    Objective       Primal Inf.    Dual Inf.      Time
       0    5.7603237e+09   2.371708e+01   0.000000e+00      1s
     309    5.7609813e+09   0.000000e+00   0.000000e+00      5s

Solved in 309 iterations and 4.96 seconds (4.34 work units)
Optimal objective  5.760981290e+09

User-callback calls 331, time in user-callback 0.01 sec
Gurobi Optimizer version 11.0.3 build v11.0.3rc0 (win64 - Windows 11+.0 (26200.2))

CPU model: 12th Gen Intel(R) Core(TM) i7-1260P, instruction set [SSE2|AVX|AVX2]
Thread count: 12 physical cores, 16 logical processors, using up to 16 threads

Optimize a model with 3496320 rows, 3719542 columns and 18534448 nonzeros
Coefficient statistics:
  Matrix range     [5e-03, 2e+01]
  Objective range  [3e+02, 1e+08]
  Bounds range     [6e-06, 1e+01]
  RHS range        [4e-03, 8e+02]
LP warm-start: use basis

Iteration    Objective       Primal Inf.    Dual Inf.      Time
       0    5.7609813e+09   2.434371e+01   0.000000e+00      2s
     165    5.7618524e+09   0.000000e+00   0.000000e+00      4s

Solved in 165 iterations and 4.13 seconds (3.33 work units)
Optimal objective  5.761852389e+09

User-callback calls 187, time in user-callback 0.00 sec
Gurobi Optimizer version 11.0.3 build v11.0.3rc0 (win64 - Windows 11+.0 (26200.2))

CPU model: 12th Gen Intel(R) Core(TM) i7-1260P, instruction set [SSE2|AVX|AVX2]
Thread count: 12 physical cores, 16 logical processors, using up to 16 threads

Optimize a model with 3496352 rows, 3719542 columns and 18589873 nonzeros
Coefficient statistics:
  Matrix range     [5e-03, 2e+01]
  Objective range  [3e+02, 1e+08]
  Bounds range     [6e-06, 1e+01]
  RHS range        [4e-03, 8e+02]
LP warm-start: use basis

Iteration    Objective       Primal Inf.    Dual Inf.      Time
       0    5.7618524e+09   1.823201e+01   0.000000e+00      2s
      89    5.7623315e+09   0.000000e+00   0.000000e+00      4s

Solved in 89 iterations and 4.16 seconds (2.91 work units)
Optimal objective  5.762331487e+09

User-callback calls 111, time in user-callback 0.00 sec
Gurobi Optimizer version 11.0.3 build v11.0.3rc0 (win64 - Windows 11+.0 (26200.2))

CPU model: 12th Gen Intel(R) Core(TM) i7-1260P, instruction set [SSE2|AVX|AVX2]
Thread count: 12 physical cores, 16 logical processors, using up to 16 threads

Optimize a model with 3496384 rows, 3719542 columns and 18732862 nonzeros
Coefficient statistics:
  Matrix range     [5e-03, 2e+01]
  Objective range  [3e+02, 1e+08]
  Bounds range     [6e-06, 1e+01]
  RHS range        [4e-03, 8e+02]
LP warm-start: use basis

Iteration    Objective       Primal Inf.    Dual Inf.      Time
       0    5.7623315e+09   2.704693e+01   0.000000e+00      2s
     264    5.7627021e+09   0.000000e+00   0.000000e+00      4s

Solved in 264 iterations and 4.37 seconds (3.55 work units)
Optimal objective  5.762702073e+09

User-callback calls 286, time in user-callback 0.00 sec
Gurobi Optimizer version 11.0.3 build v11.0.3rc0 (win64 - Windows 11+.0 (26200.2))

CPU model: 12th Gen Intel(R) Core(TM) i7-1260P, instruction set [SSE2|AVX|AVX2]
Thread count: 12 physical cores, 16 logical processors, using up to 16 threads

Optimize a model with 3496416 rows, 3719542 columns and 18859466 nonzeros
Coefficient statistics:
  Matrix range     [5e-03, 2e+01]
  Objective range  [3e+02, 1e+08]
  Bounds range     [6e-06, 1e+01]
  RHS range        [4e-03, 8e+02]
LP warm-start: use basis

Iteration    Objective       Primal Inf.    Dual Inf.      Time
       0    5.7627021e+09   2.583513e+01   0.000000e+00      2s
     440    5.7632365e+09   0.000000e+00   0.000000e+00      6s

Solved in 440 iterations and 6.90 seconds (5.38 work units)
Optimal objective  5.763236488e+09

User-callback calls 462, time in user-callback 0.01 sec
Gurobi Optimizer version 11.0.3 build v11.0.3rc0 (win64 - Windows 11+.0 (26200.2))

CPU model: 12th Gen Intel(R) Core(TM) i7-1260P, instruction set [SSE2|AVX|AVX2]
Thread count: 12 physical cores, 16 logical processors, using up to 16 threads

Optimize a model with 3496448 rows, 3719542 columns and 18933089 nonzeros
Coefficient statistics:
  Matrix range     [5e-03, 2e+01]
  Objective range  [3e+02, 1e+08]
  Bounds range     [6e-06, 1e+01]
  RHS range        [4e-03, 8e+02]
LP warm-start: use basis

Iteration    Objective       Primal Inf.    Dual Inf.      Time
       0    5.7632365e+09   2.249396e+01   0.000000e+00      2s
     374    5.7642738e+09   0.000000e+00   0.000000e+00      6s

Solved in 374 iterations and 6.62 seconds (4.95 work units)
Optimal objective  5.764273799e+09

User-callback calls 396, time in user-callback 0.00 sec
Gurobi Optimizer version 11.0.3 build v11.0.3rc0 (win64 - Windows 11+.0 (26200.2))

CPU model: 12th Gen Intel(R) Core(TM) i7-1260P, instruction set [SSE2|AVX|AVX2]
Thread count: 12 physical cores, 16 logical processors, using up to 16 threads

Optimize a model with 3496480 rows, 3719542 columns and 19138085 nonzeros
Coefficient statistics:
  Matrix range     [5e-03, 2e+01]
  Objective range  [3e+02, 1e+08]
  Bounds range     [6e-06, 1e+01]
  RHS range        [4e-03, 8e+02]
LP warm-start: use basis

Iteration    Objective       Primal Inf.    Dual Inf.      Time
       0    5.7642738e+09   1.606541e+01   0.000000e+00      2s
      34    5.7642792e+09   0.000000e+00   0.000000e+00      4s

Solved in 34 iterations and 3.81 seconds (2.92 work units)
Optimal objective  5.764279228e+09

User-callback calls 56, time in user-callback 0.00 sec
Gurobi Optimizer version 11.0.3 build v11.0.3rc0 (win64 - Windows 11+.0 (26200.2))

CPU model: 12th Gen Intel(R) Core(TM) i7-1260P, instruction set [SSE2|AVX|AVX2]
Thread count: 12 physical cores, 16 logical processors, using up to 16 threads

Optimize a model with 3496512 rows, 3719542 columns and 19295453 nonzeros
Coefficient statistics:
  Matrix range     [5e-03, 2e+01]
  Objective range  [3e+02, 1e+08]
  Bounds range     [6e-06, 1e+01]
  RHS range        [4e-03, 8e+02]
LP warm-start: use basis

Iteration    Objective       Primal Inf.    Dual Inf.      Time
       0    5.7642792e+09   2.632000e+01   0.000000e+00      2s
     137    5.7645900e+09   0.000000e+00   0.000000e+00      4s

Solved in 137 iterations and 4.48 seconds (3.65 work units)
Optimal objective  5.764589950e+09

User-callback calls 159, time in user-callback 0.00 sec
Gurobi Optimizer version 11.0.3 build v11.0.3rc0 (win64 - Windows 11+.0 (26200.2))

CPU model: 12th Gen Intel(R) Core(TM) i7-1260P, instruction set [SSE2|AVX|AVX2]
Thread count: 12 physical cores, 16 logical processors, using up to 16 threads

Optimize a model with 3496544 rows, 3719542 columns and 19445394 nonzeros
Coefficient statistics:
  Matrix range     [5e-03, 2e+01]
  Objective range  [3e+02, 1e+08]
  Bounds range     [6e-06, 1e+01]
  RHS range        [4e-03, 8e+02]
LP warm-start: use basis

Iteration    Objective       Primal Inf.    Dual Inf.      Time
       0    5.7645900e+09   1.657673e+01   0.000000e+00      2s
     174    5.7647827e+09   0.000000e+00   0.000000e+00      5s

Solved in 174 iterations and 5.03 seconds (3.79 work units)
Optimal objective  5.764782735e+09

User-callback calls 196, time in user-callback 0.00 sec
Gurobi Optimizer version 11.0.3 build v11.0.3rc0 (win64 - Windows 11+.0 (26200.2))

CPU model: 12th Gen Intel(R) Core(TM) i7-1260P, instruction set [SSE2|AVX|AVX2]
Thread count: 12 physical cores, 16 logical processors, using up to 16 threads

Optimize a model with 3496576 rows, 3719542 columns and 19563338 nonzeros
Coefficient statistics:
  Matrix range     [5e-03, 2e+01]
  Objective range  [3e+02, 1e+08]
  Bounds range     [6e-06, 1e+01]
  RHS range        [4e-03, 8e+02]
LP warm-start: use basis

Iteration    Objective       Primal Inf.    Dual Inf.      Time
       0    5.7647827e+09   1.481681e+01   0.000000e+00      2s
     121    5.7652205e+09   0.000000e+00   0.000000e+00      4s

Solved in 121 iterations and 3.76 seconds (3.05 work units)
Optimal objective  5.765220495e+09

User-callback calls 143, time in user-callback 0.00 sec
Gurobi Optimizer version 11.0.3 build v11.0.3rc0 (win64 - Windows 11+.0 (26200.2))

CPU model: 12th Gen Intel(R) Core(TM) i7-1260P, instruction set [SSE2|AVX|AVX2]
Thread count: 12 physical cores, 16 logical processors, using up to 16 threads

Optimize a model with 3496608 rows, 3719542 columns and 19639547 nonzeros
Coefficient statistics:
  Matrix range     [5e-03, 2e+01]
  Objective range  [3e+02, 1e+08]
  Bounds range     [6e-06, 1e+01]
  RHS range        [4e-03, 8e+02]
LP warm-start: use basis

Iteration    Objective       Primal Inf.    Dual Inf.      Time
       0    5.7652205e+09   1.684590e+01   0.000000e+00      2s
      99    5.7658864e+09   0.000000e+00   0.000000e+00      5s

Solved in 99 iterations and 4.64 seconds (3.10 work units)
Optimal objective  5.765886413e+09

User-callback calls 121, time in user-callback 0.00 sec
Gurobi Optimizer version 11.0.3 build v11.0.3rc0 (win64 - Windows 11+.0 (26200.2))

CPU model: 12th Gen Intel(R) Core(TM) i7-1260P, instruction set [SSE2|AVX|AVX2]
Thread count: 12 physical cores, 16 logical processors, using up to 16 threads

Optimize a model with 3496640 rows, 3719542 columns and 19734578 nonzeros
Coefficient statistics:
  Matrix range     [5e-03, 2e+01]
  Objective range  [3e+02, 1e+08]
  Bounds range     [6e-06, 1e+01]
  RHS range        [4e-03, 8e+02]
LP warm-start: use basis

Iteration    Objective       Primal Inf.    Dual Inf.      Time
       0    5.7658864e+09   2.028874e+01   0.000000e+00      2s
     100    5.7665535e+09   0.000000e+00   0.000000e+00      4s

Solved in 100 iterations and 3.60 seconds (2.98 work units)
Optimal objective  5.766553472e+09

User-callback calls 122, time in user-callback 0.00 sec
Gurobi Optimizer version 11.0.3 build v11.0.3rc0 (win64 - Windows 11+.0 (26200.2))

CPU model: 12th Gen Intel(R) Core(TM) i7-1260P, instruction set [SSE2|AVX|AVX2]
Thread count: 12 physical cores, 16 logical processors, using up to 16 threads

Optimize a model with 3496672 rows, 3719542 columns and 19841506 nonzeros
Coefficient statistics:
  Matrix range     [5e-03, 2e+01]
  Objective range  [3e+02, 1e+08]
  Bounds range     [6e-06, 1e+01]
  RHS range        [4e-03, 8e+02]
LP warm-start: use basis

Iteration    Objective       Primal Inf.    Dual Inf.      Time
       0    5.7665535e+09   2.060196e+01   0.000000e+00      2s
     237    5.7674884e+09   0.000000e+00   0.000000e+00      5s

Solved in 237 iterations and 4.82 seconds (3.92 work units)
Optimal objective  5.767488363e+09

User-callback calls 259, time in user-callback 0.00 sec
Gurobi Optimizer version 11.0.3 build v11.0.3rc0 (win64 - Windows 11+.0 (26200.2))

CPU model: 12th Gen Intel(R) Core(TM) i7-1260P, instruction set [SSE2|AVX|AVX2]
Thread count: 12 physical cores, 16 logical processors, using up to 16 threads

Optimize a model with 3496704 rows, 3719542 columns and 19942705 nonzeros
Coefficient statistics:
  Matrix range     [5e-03, 2e+01]
  Objective range  [3e+02, 1e+08]
  Bounds range     [6e-06, 1e+01]
  RHS range        [4e-03, 8e+02]
LP warm-start: use basis

Iteration    Objective       Primal Inf.    Dual Inf.      Time
       0    5.7674884e+09   2.070154e+01   0.000000e+00      2s
     319    5.7682720e+09   0.000000e+00   0.000000e+00      5s

Solved in 319 iterations and 6.01 seconds (4.66 work units)
Optimal objective  5.768271988e+09

User-callback calls 341, time in user-callback 0.00 sec
Gurobi Optimizer version 11.0.3 build v11.0.3rc0 (win64 - Windows 11+.0 (26200.2))

CPU model: 12th Gen Intel(R) Core(TM) i7-1260P, instruction set [SSE2|AVX|AVX2]
Thread count: 12 physical cores, 16 logical processors, using up to 16 threads

Optimize a model with 3496736 rows, 3719542 columns and 20037084 nonzeros
Coefficient statistics:
  Matrix range     [5e-03, 2e+01]
  Objective range  [3e+02, 1e+08]
  Bounds range     [6e-06, 1e+01]
  RHS range        [4e-03, 8e+02]
LP warm-start: use basis

Iteration    Objective       Primal Inf.    Dual Inf.      Time
       0    5.7682720e+09   1.984722e+01   0.000000e+00      2s
     187    5.7690377e+09   0.000000e+00   0.000000e+00      5s

Solved in 187 iterations and 6.20 seconds (4.14 work units)
Optimal objective  5.769037720e+09

User-callback calls 209, time in user-callback 0.00 sec
Gurobi Optimizer version 11.0.3 build v11.0.3rc0 (win64 - Windows 11+.0 (26200.2))

CPU model: 12th Gen Intel(R) Core(TM) i7-1260P, instruction set [SSE2|AVX|AVX2]
Thread count: 12 physical cores, 16 logical processors, using up to 16 threads

Optimize a model with 3496768 rows, 3719542 columns and 20121150 nonzeros
Coefficient statistics:
  Matrix range     [5e-03, 2e+01]
  Objective range  [3e+02, 1e+08]
  Bounds range     [6e-06, 1e+01]
  RHS range        [4e-03, 8e+02]
LP warm-start: use basis

Iteration    Objective       Primal Inf.    Dual Inf.      Time
       0    5.7690377e+09   2.061928e+01   0.000000e+00      2s
     308    5.7696911e+09   0.000000e+00   0.000000e+00      6s

Solved in 308 iterations and 7.30 seconds (4.79 work units)
Optimal objective  5.769691080e+09

User-callback calls 330, time in user-callback 0.00 sec
Gurobi Optimizer version 11.0.3 build v11.0.3rc0 (win64 - Windows 11+.0 (26200.2))

CPU model: 12th Gen Intel(R) Core(TM) i7-1260P, instruction set [SSE2|AVX|AVX2]
Thread count: 12 physical cores, 16 logical processors, using up to 16 threads

Optimize a model with 3496800 rows, 3719542 columns and 20330878 nonzeros
Coefficient statistics:
  Matrix range     [5e-03, 2e+01]
  Objective range  [3e+02, 1e+08]
  Bounds range     [6e-06, 1e+01]
  RHS range        [4e-03, 8e+02]
LP warm-start: use basis

Iteration    Objective       Primal Inf.    Dual Inf.      Time
       0    5.7696911e+09   3.236965e+01   0.000000e+00      2s
      90    5.7698672e+09   0.000000e+00   0.000000e+00      4s

Solved in 90 iterations and 3.52 seconds (3.03 work units)
Optimal objective  5.769867203e+09

User-callback calls 112, time in user-callback 0.00 sec
Gurobi Optimizer version 11.0.3 build v11.0.3rc0 (win64 - Windows 11+.0 (26200.2))

CPU model: 12th Gen Intel(R) Core(TM) i7-1260P, instruction set [SSE2|AVX|AVX2]
Thread count: 12 physical cores, 16 logical processors, using up to 16 threads

Optimize a model with 3496832 rows, 3719542 columns and 20410325 nonzeros
Coefficient statistics:
  Matrix range     [5e-03, 2e+01]
  Objective range  [3e+02, 1e+08]
  Bounds range     [6e-06, 1e+01]
  RHS range        [4e-03, 8e+02]
LP warm-start: use basis

Iteration    Objective       Primal Inf.    Dual Inf.      Time
       0    5.7698672e+09   2.067272e+01   0.000000e+00      2s
     115    5.7702643e+09   0.000000e+00   0.000000e+00      5s

Solved in 115 iterations and 4.66 seconds (3.53 work units)
Optimal objective  5.770264334e+09

User-callback calls 137, time in user-callback 0.00 sec
Gurobi Optimizer version 11.0.3 build v11.0.3rc0 (win64 - Windows 11+.0 (26200.2))

CPU model: 12th Gen Intel(R) Core(TM) i7-1260P, instruction set [SSE2|AVX|AVX2]
Thread count: 12 physical cores, 16 logical processors, using up to 16 threads

Optimize a model with 3496864 rows, 3719542 columns and 20502480 nonzeros
Coefficient statistics:
  Matrix range     [5e-03, 2e+01]
  Objective range  [3e+02, 1e+08]
  Bounds range     [6e-06, 1e+01]
  RHS range        [4e-03, 8e+02]
LP warm-start: use basis

Iteration    Objective       Primal Inf.    Dual Inf.      Time
       0    5.7702643e+09   1.958704e+01   0.000000e+00      2s
     135    5.7706803e+09   0.000000e+00   0.000000e+00      4s

Solved in 135 iterations and 4.27 seconds (3.34 work units)
Optimal objective  5.770680327e+09

User-callback calls 157, time in user-callback 0.00 sec
Gurobi Optimizer version 11.0.3 build v11.0.3rc0 (win64 - Windows 11+.0 (26200.2))

CPU model: 12th Gen Intel(R) Core(TM) i7-1260P, instruction set [SSE2|AVX|AVX2]
Thread count: 12 physical cores, 16 logical processors, using up to 16 threads

Optimize a model with 3496896 rows, 3719542 columns and 20560642 nonzeros
Coefficient statistics:
  Matrix range     [5e-03, 2e+01]
  Objective range  [3e+02, 1e+08]
  Bounds range     [6e-06, 1e+01]
  RHS range        [4e-03, 8e+02]
LP warm-start: use basis

Iteration    Objective       Primal Inf.    Dual Inf.      Time
       0    5.7706803e+09   1.717200e+01   0.000000e+00      2s
     456    5.7711861e+09   0.000000e+00   0.000000e+00      8s

Solved in 456 iterations and 8.82 seconds (7.27 work units)
Optimal objective  5.771186071e+09

User-callback calls 478, time in user-callback 0.00 sec
Gurobi Optimizer version 11.0.3 build v11.0.3rc0 (win64 - Windows 11+.0 (26200.2))

CPU model: 12th Gen Intel(R) Core(TM) i7-1260P, instruction set [SSE2|AVX|AVX2]
Thread count: 12 physical cores, 16 logical processors, using up to 16 threads

Optimize a model with 3496928 rows, 3719542 columns and 20671659 nonzeros
Coefficient statistics:
  Matrix range     [5e-03, 2e+01]
  Objective range  [3e+02, 1e+08]
  Bounds range     [6e-06, 1e+01]
  RHS range        [4e-03, 8e+02]
LP warm-start: use basis

Iteration    Objective       Primal Inf.    Dual Inf.      Time
       0    5.7711861e+09   1.568452e+01   0.000000e+00      2s
     507    5.7718825e+09   0.000000e+00   0.000000e+00      7s

Solved in 507 iterations and 7.62 seconds (6.35 work units)
Optimal objective  5.771882517e+09

User-callback calls 529, time in user-callback 0.00 sec
Gurobi Optimizer version 11.0.3 build v11.0.3rc0 (win64 - Windows 11+.0 (26200.2))

CPU model: 12th Gen Intel(R) Core(TM) i7-1260P, instruction set [SSE2|AVX|AVX2]
Thread count: 12 physical cores, 16 logical processors, using up to 16 threads

Optimize a model with 3496960 rows, 3719542 columns and 20745376 nonzeros
Coefficient statistics:
  Matrix range     [5e-03, 2e+01]
  Objective range  [3e+02, 1e+08]
  Bounds range     [6e-06, 1e+01]
  RHS range        [4e-03, 8e+02]
LP warm-start: use basis

Iteration    Objective       Primal Inf.    Dual Inf.      Time
       0    5.7718825e+09   1.899379e+01   0.000000e+00      1s
     333    5.7723360e+09   0.000000e+00   0.000000e+00      6s

Solved in 333 iterations and 6.25 seconds (5.62 work units)
Optimal objective  5.772335961e+09

User-callback calls 355, time in user-callback 0.00 sec
Gurobi Optimizer version 11.0.3 build v11.0.3rc0 (win64 - Windows 11+.0 (26200.2))

CPU model: 12th Gen Intel(R) Core(TM) i7-1260P, instruction set [SSE2|AVX|AVX2]
Thread count: 12 physical cores, 16 logical processors, using up to 16 threads

Optimize a model with 3496992 rows, 3719542 columns and 20847573 nonzeros
Coefficient statistics:
  Matrix range     [5e-03, 2e+01]
  Objective range  [3e+02, 1e+08]
  Bounds range     [6e-06, 1e+01]
  RHS range        [4e-03, 8e+02]
LP warm-start: use basis

Iteration    Objective       Primal Inf.    Dual Inf.      Time
       0    5.7723360e+09   2.372970e+01   0.000000e+00      1s
     157    5.7724572e+09   0.000000e+00   0.000000e+00      4s

Solved in 157 iterations and 4.43 seconds (4.01 work units)
Optimal objective  5.772457191e+09

User-callback calls 179, time in user-callback 0.00 sec
Gurobi Optimizer version 11.0.3 build v11.0.3rc0 (win64 - Windows 11+.0 (26200.2))

CPU model: 12th Gen Intel(R) Core(TM) i7-1260P, instruction set [SSE2|AVX|AVX2]
Thread count: 12 physical cores, 16 logical processors, using up to 16 threads

Optimize a model with 3497024 rows, 3719542 columns and 20937400 nonzeros
Coefficient statistics:
  Matrix range     [5e-03, 2e+01]
  Objective range  [3e+02, 1e+08]
  Bounds range     [6e-06, 1e+01]
  RHS range        [4e-03, 8e+02]
LP warm-start: use basis

Iteration    Objective       Primal Inf.    Dual Inf.      Time
       0    5.7724572e+09   1.332812e+01   0.000000e+00      1s
     153    5.7727565e+09   0.000000e+00   0.000000e+00      4s

Solved in 153 iterations and 4.34 seconds (3.96 work units)
Optimal objective  5.772756477e+09

User-callback calls 175, time in user-callback 0.00 sec
Gurobi Optimizer version 11.0.3 build v11.0.3rc0 (win64 - Windows 11+.0 (26200.2))

CPU model: 12th Gen Intel(R) Core(TM) i7-1260P, instruction set [SSE2|AVX|AVX2]
Thread count: 12 physical cores, 16 logical processors, using up to 16 threads

Optimize a model with 3497056 rows, 3719542 columns and 21012322 nonzeros
Coefficient statistics:
  Matrix range     [5e-03, 2e+01]
  Objective range  [3e+02, 1e+08]
  Bounds range     [6e-06, 1e+01]
  RHS range        [4e-03, 8e+02]
LP warm-start: use basis

Iteration    Objective       Primal Inf.    Dual Inf.      Time
       0    5.7727565e+09   1.422378e+01   0.000000e+00      1s
     210    5.7730378e+09   0.000000e+00   0.000000e+00      5s

Solved in 210 iterations and 4.96 seconds (4.67 work units)
Optimal objective  5.773037773e+09

User-callback calls 232, time in user-callback 0.00 sec
Gurobi Optimizer version 11.0.3 build v11.0.3rc0 (win64 - Windows 11+.0 (26200.2))

CPU model: 12th Gen Intel(R) Core(TM) i7-1260P, instruction set [SSE2|AVX|AVX2]
Thread count: 12 physical cores, 16 logical processors, using up to 16 threads

Optimize a model with 3497088 rows, 3719542 columns and 21081703 nonzeros
Coefficient statistics:
  Matrix range     [5e-03, 2e+01]
  Objective range  [3e+02, 1e+08]
  Bounds range     [6e-06, 1e+01]
  RHS range        [4e-03, 8e+02]
LP warm-start: use basis

Iteration    Objective       Primal Inf.    Dual Inf.      Time
       0    5.7730378e+09   1.494905e+01   0.000000e+00      2s
     168    5.7733758e+09   0.000000e+00   0.000000e+00      4s

Solved in 168 iterations and 3.64 seconds (3.52 work units)
Optimal objective  5.773375753e+09

User-callback calls 190, time in user-callback 0.00 sec
Gurobi Optimizer version 11.0.3 build v11.0.3rc0 (win64 - Windows 11+.0 (26200.2))

CPU model: 12th Gen Intel(R) Core(TM) i7-1260P, instruction set [SSE2|AVX|AVX2]
Thread count: 12 physical cores, 16 logical processors, using up to 16 threads

Optimize a model with 3497120 rows, 3719542 columns and 21156814 nonzeros
Coefficient statistics:
  Matrix range     [5e-03, 2e+01]
  Objective range  [3e+02, 1e+08]
  Bounds range     [6e-06, 1e+01]
  RHS range        [4e-03, 8e+02]
LP warm-start: use basis

Iteration    Objective       Primal Inf.    Dual Inf.      Time
       0    5.7733758e+09   1.329283e+01   0.000000e+00      2s
     193    5.7737905e+09   0.000000e+00   0.000000e+00      5s

Solved in 193 iterations and 4.59 seconds (3.90 work units)
Optimal objective  5.773790525e+09

User-callback calls 215, time in user-callback 0.00 sec
Gurobi Optimizer version 11.0.3 build v11.0.3rc0 (win64 - Windows 11+.0 (26200.2))

CPU model: 12th Gen Intel(R) Core(TM) i7-1260P, instruction set [SSE2|AVX|AVX2]
Thread count: 12 physical cores, 16 logical processors, using up to 16 threads

Optimize a model with 3497152 rows, 3719542 columns and 21208316 nonzeros
Coefficient statistics:
  Matrix range     [5e-03, 2e+01]
  Objective range  [3e+02, 1e+08]
  Bounds range     [6e-06, 1e+01]
  RHS range        [4e-03, 8e+02]
LP warm-start: use basis

Iteration    Objective       Primal Inf.    Dual Inf.      Time
       0    5.7737905e+09   1.311091e+01   0.000000e+00      2s
     130    5.7742597e+09   0.000000e+00   0.000000e+00      5s

Solved in 130 iterations and 5.07 seconds (3.98 work units)
Optimal objective  5.774259661e+09

User-callback calls 152, time in user-callback 0.00 sec
Gurobi Optimizer version 11.0.3 build v11.0.3rc0 (win64 - Windows 11+.0 (26200.2))

CPU model: 12th Gen Intel(R) Core(TM) i7-1260P, instruction set [SSE2|AVX|AVX2]
Thread count: 12 physical cores, 16 logical processors, using up to 16 threads

Optimize a model with 3497184 rows, 3719542 columns and 21322154 nonzeros
Coefficient statistics:
  Matrix range     [5e-03, 2e+01]
  Objective range  [3e+02, 1e+08]
  Bounds range     [6e-06, 1e+01]
  RHS range        [4e-03, 8e+02]
LP warm-start: use basis

Iteration    Objective       Primal Inf.    Dual Inf.      Time
       0    5.7742597e+09   1.002203e+01   0.000000e+00      2s
      69    5.7744653e+09   0.000000e+00   0.000000e+00      4s

Solved in 69 iterations and 3.83 seconds (3.52 work units)
Optimal objective  5.774465286e+09

User-callback calls 91, time in user-callback 0.00 sec
Gurobi Optimizer version 11.0.3 build v11.0.3rc0 (win64 - Windows 11+.0 (26200.2))

CPU model: 12th Gen Intel(R) Core(TM) i7-1260P, instruction set [SSE2|AVX|AVX2]
Thread count: 12 physical cores, 16 logical processors, using up to 16 threads

Optimize a model with 3497216 rows, 3719542 columns and 21391515 nonzeros
Coefficient statistics:
  Matrix range     [5e-03, 2e+01]
  Objective range  [3e+02, 1e+08]
  Bounds range     [6e-06, 1e+01]
  RHS range        [4e-03, 8e+02]
LP warm-start: use basis

Iteration    Objective       Primal Inf.    Dual Inf.      Time
       0    5.7744653e+09   1.239511e+01   0.000000e+00      2s
     141    5.7750025e+09   0.000000e+00   0.000000e+00      5s

Solved in 141 iterations and 5.13 seconds (3.79 work units)
Optimal objective  5.775002540e+09

User-callback calls 163, time in user-callback 0.00 sec
Gurobi Optimizer version 11.0.3 build v11.0.3rc0 (win64 - Windows 11+.0 (26200.2))

CPU model: 12th Gen Intel(R) Core(TM) i7-1260P, instruction set [SSE2|AVX|AVX2]
Thread count: 12 physical cores, 16 logical processors, using up to 16 threads

Optimize a model with 3497248 rows, 3719542 columns and 21484758 nonzeros
Coefficient statistics:
  Matrix range     [5e-03, 2e+01]
  Objective range  [3e+02, 1e+08]
  Bounds range     [6e-06, 1e+01]
  RHS range        [4e-03, 8e+02]
LP warm-start: use basis

Iteration    Objective       Primal Inf.    Dual Inf.      Time
       0    5.7750025e+09   1.265890e+01   0.000000e+00      2s
     490    5.7754827e+09   0.000000e+00   0.000000e+00      8s

Solved in 490 iterations and 9.14 seconds (7.39 work units)
Optimal objective  5.775482673e+09

User-callback calls 512, time in user-callback 0.00 sec
Gurobi Optimizer version 11.0.3 build v11.0.3rc0 (win64 - Windows 11+.0 (26200.2))

CPU model: 12th Gen Intel(R) Core(TM) i7-1260P, instruction set [SSE2|AVX|AVX2]
Thread count: 12 physical cores, 16 logical processors, using up to 16 threads

Optimize a model with 3497280 rows, 3719542 columns and 21590978 nonzeros
Coefficient statistics:
  Matrix range     [5e-03, 2e+01]
  Objective range  [3e+02, 1e+08]
  Bounds range     [6e-06, 1e+01]
  RHS range        [4e-03, 8e+02]
LP warm-start: use basis

Iteration    Objective       Primal Inf.    Dual Inf.      Time
       0    5.7754827e+09   1.135198e+01   0.000000e+00      2s
     576    5.7757200e+09   0.000000e+00   0.000000e+00     10s

Solved in 576 iterations and 10.45 seconds (7.42 work units)
Optimal objective  5.775720032e+09

User-callback calls 598, time in user-callback 0.01 sec
Gurobi Optimizer version 11.0.3 build v11.0.3rc0 (win64 - Windows 11+.0 (26200.2))

CPU model: 12th Gen Intel(R) Core(TM) i7-1260P, instruction set [SSE2|AVX|AVX2]
Thread count: 12 physical cores, 16 logical processors, using up to 16 threads

Optimize a model with 3497312 rows, 3719542 columns and 21657895 nonzeros
Coefficient statistics:
  Matrix range     [5e-03, 2e+01]
  Objective range  [3e+02, 1e+08]
  Bounds range     [6e-06, 1e+01]
  RHS range        [4e-03, 8e+02]
LP warm-start: use basis

Iteration    Objective       Primal Inf.    Dual Inf.      Time
       0    5.7757200e+09   2.057928e+01   0.000000e+00      2s
     279    5.7757432e+09   0.000000e+00   0.000000e+00      6s

Solved in 279 iterations and 6.88 seconds (5.23 work units)
Optimal objective  5.775743222e+09

User-callback calls 301, time in user-callback 0.00 sec
Gurobi Optimizer version 11.0.3 build v11.0.3rc0 (win64 - Windows 11+.0 (26200.2))

CPU model: 12th Gen Intel(R) Core(TM) i7-1260P, instruction set [SSE2|AVX|AVX2]
Thread count: 12 physical cores, 16 logical processors, using up to 16 threads

Optimize a model with 3497344 rows, 3719542 columns and 21734004 nonzeros
Coefficient statistics:
  Matrix range     [5e-03, 2e+01]
  Objective range  [3e+02, 1e+08]
  Bounds range     [6e-06, 1e+01]
  RHS range        [4e-03, 8e+02]
LP warm-start: use basis

Iteration    Objective       Primal Inf.    Dual Inf.      Time
       0    5.7757432e+09   1.148802e+01   0.000000e+00      2s
     344    5.7759142e+09   0.000000e+00   0.000000e+00      7s

Solved in 344 iterations and 8.15 seconds (5.62 work units)
Optimal objective  5.775914180e+09

User-callback calls 366, time in user-callback 0.00 sec
Gurobi Optimizer version 11.0.3 build v11.0.3rc0 (win64 - Windows 11+.0 (26200.2))

CPU model: 12th Gen Intel(R) Core(TM) i7-1260P, instruction set [SSE2|AVX|AVX2]
Thread count: 12 physical cores, 16 logical processors, using up to 16 threads

Optimize a model with 3497376 rows, 3719542 columns and 21834774 nonzeros
Coefficient statistics:
  Matrix range     [5e-03, 2e+01]
  Objective range  [3e+02, 1e+08]
  Bounds range     [6e-06, 1e+01]
  RHS range        [4e-03, 8e+02]
LP warm-start: use basis

Iteration    Objective       Primal Inf.    Dual Inf.      Time
       0    5.7759142e+09   1.297106e+01   0.000000e+00      2s
     550    5.7762680e+09   1.875264e+00   0.000000e+00     10s
     684    5.7762689e+09   0.000000e+00   0.000000e+00     12s

Solved in 684 iterations and 13.10 seconds (10.00 work units)
Optimal objective  5.776268889e+09

User-callback calls 707, time in user-callback 0.01 sec
Gurobi Optimizer version 11.0.3 build v11.0.3rc0 (win64 - Windows 11+.0 (26200.2))

CPU model: 12th Gen Intel(R) Core(TM) i7-1260P, instruction set [SSE2|AVX|AVX2]
Thread count: 12 physical cores, 16 logical processors, using up to 16 threads

Optimize a model with 3497408 rows, 3719542 columns and 21942193 nonzeros
Coefficient statistics:
  Matrix range     [5e-03, 2e+01]
  Objective range  [3e+02, 1e+08]
  Bounds range     [6e-06, 1e+01]
  RHS range        [4e-03, 8e+02]
LP warm-start: use basis

Iteration    Objective       Primal Inf.    Dual Inf.      Time
       0    5.7762689e+09   1.352435e+01   0.000000e+00      3s
     448    5.7768669e+09   0.000000e+00   0.000000e+00     11s

Solved in 448 iterations and 11.63 seconds (6.96 work units)
Optimal objective  5.776866933e+09

User-callback calls 470, time in user-callback 0.00 sec
Gurobi Optimizer version 11.0.3 build v11.0.3rc0 (win64 - Windows 11+.0 (26200.2))

CPU model: 12th Gen Intel(R) Core(TM) i7-1260P, instruction set [SSE2|AVX|AVX2]
Thread count: 12 physical cores, 16 logical processors, using up to 16 threads

Optimize a model with 3497440 rows, 3719542 columns and 22000880 nonzeros
Coefficient statistics:
  Matrix range     [5e-03, 2e+01]
  Objective range  [3e+02, 1e+08]
  Bounds range     [6e-06, 1e+01]
  RHS range        [4e-03, 8e+02]
LP warm-start: use basis

Iteration    Objective       Primal Inf.    Dual Inf.      Time
       0    5.7768669e+09   1.920692e+01   0.000000e+00      2s
     118    5.7768704e+09   0.000000e+00   0.000000e+00      6s

Solved in 118 iterations and 5.78 seconds (4.14 work units)
Optimal objective  5.776870409e+09

User-callback calls 140, time in user-callback 0.00 sec
Gurobi Optimizer version 11.0.3 build v11.0.3rc0 (win64 - Windows 11+.0 (26200.2))

CPU model: 12th Gen Intel(R) Core(TM) i7-1260P, instruction set [SSE2|AVX|AVX2]
Thread count: 12 physical cores, 16 logical processors, using up to 16 threads

Optimize a model with 3497472 rows, 3719542 columns and 22069142 nonzeros
Coefficient statistics:
  Matrix range     [5e-03, 2e+01]
  Objective range  [3e+02, 1e+08]
  Bounds range     [6e-06, 1e+01]
  RHS range        [4e-03, 8e+02]
LP warm-start: use basis

Iteration    Objective       Primal Inf.    Dual Inf.      Time
       0    5.7768704e+09   7.070445e+00   0.000000e+00      2s
     490    5.7770169e+09   7.697650e+00   0.000000e+00     10s
     586    5.7770179e+09   0.000000e+00   0.000000e+00     12s

Solved in 586 iterations and 13.12 seconds (9.78 work units)
Optimal objective  5.777017941e+09

User-callback calls 609, time in user-callback 0.01 sec
Gurobi Optimizer version 11.0.3 build v11.0.3rc0 (win64 - Windows 11+.0 (26200.2))

CPU model: 12th Gen Intel(R) Core(TM) i7-1260P, instruction set [SSE2|AVX|AVX2]
Thread count: 12 physical cores, 16 logical processors, using up to 16 threads

Optimize a model with 3497504 rows, 3719542 columns and 22128368 nonzeros
Coefficient statistics:
  Matrix range     [5e-03, 2e+01]
  Objective range  [3e+02, 1e+08]
  Bounds range     [6e-06, 1e+01]
  RHS range        [4e-03, 8e+02]
LP warm-start: use basis

Iteration    Objective       Primal Inf.    Dual Inf.      Time
       0    5.7770179e+09   1.102137e+01   0.000000e+00      2s
     266    5.7772181e+09   0.000000e+00   0.000000e+00      6s

Solved in 266 iterations and 7.07 seconds (5.29 work units)
Optimal objective  5.777218081e+09

User-callback calls 288, time in user-callback 0.00 sec
Gurobi Optimizer version 11.0.3 build v11.0.3rc0 (win64 - Windows 11+.0 (26200.2))

CPU model: 12th Gen Intel(R) Core(TM) i7-1260P, instruction set [SSE2|AVX|AVX2]
Thread count: 12 physical cores, 16 logical processors, using up to 16 threads

Optimize a model with 3497536 rows, 3719542 columns and 22206536 nonzeros
Coefficient statistics:
  Matrix range     [5e-03, 2e+01]
  Objective range  [3e+02, 1e+08]
  Bounds range     [6e-06, 1e+01]
  RHS range        [4e-03, 8e+02]
LP warm-start: use basis

Iteration    Objective       Primal Inf.    Dual Inf.      Time
       0    5.7772181e+09   9.799653e+00   0.000000e+00      2s
     138    5.7773538e+09   0.000000e+00   0.000000e+00      5s

Solved in 138 iterations and 5.35 seconds (4.09 work units)
Optimal objective  5.777353766e+09

User-callback calls 160, time in user-callback 0.00 sec
Gurobi Optimizer version 11.0.3 build v11.0.3rc0 (win64 - Windows 11+.0 (26200.2))

CPU model: 12th Gen Intel(R) Core(TM) i7-1260P, instruction set [SSE2|AVX|AVX2]
Thread count: 12 physical cores, 16 logical processors, using up to 16 threads

Optimize a model with 3497568 rows, 3719542 columns and 22295129 nonzeros
Coefficient statistics:
  Matrix range     [5e-03, 2e+01]
  Objective range  [3e+02, 1e+08]
  Bounds range     [6e-06, 1e+01]
  RHS range        [4e-03, 8e+02]
LP warm-start: use basis

Iteration    Objective       Primal Inf.    Dual Inf.      Time
       0    5.7773538e+09   1.271944e+01   0.000000e+00      2s
     127    5.7779792e+09   0.000000e+00   0.000000e+00      4s

Solved in 127 iterations and 4.05 seconds (3.68 work units)
Optimal objective  5.777979221e+09

User-callback calls 149, time in user-callback 0.00 sec
Gurobi Optimizer version 11.0.3 build v11.0.3rc0 (win64 - Windows 11+.0 (26200.2))

CPU model: 12th Gen Intel(R) Core(TM) i7-1260P, instruction set [SSE2|AVX|AVX2]
Thread count: 12 physical cores, 16 logical processors, using up to 16 threads

Optimize a model with 3497600 rows, 3719542 columns and 22405307 nonzeros
Coefficient statistics:
  Matrix range     [5e-03, 2e+01]
  Objective range  [3e+02, 1e+08]
  Bounds range     [6e-06, 1e+01]
  RHS range        [4e-03, 8e+02]
LP warm-start: use basis

Iteration    Objective       Primal Inf.    Dual Inf.      Time
       0    5.7779792e+09   2.258185e+01   0.000000e+00      2s
      90    5.7780178e+09   0.000000e+00   0.000000e+00      5s

Solved in 90 iterations and 4.89 seconds (3.49 work units)
Optimal objective  5.778017796e+09

User-callback calls 112, time in user-callback 0.00 sec
Gurobi Optimizer version 11.0.3 build v11.0.3rc0 (win64 - Windows 11+.0 (26200.2))

CPU model: 12th Gen Intel(R) Core(TM) i7-1260P, instruction set [SSE2|AVX|AVX2]
Thread count: 12 physical cores, 16 logical processors, using up to 16 threads

Optimize a model with 3497632 rows, 3719542 columns and 22523039 nonzeros
Coefficient statistics:
  Matrix range     [5e-03, 2e+01]
  Objective range  [3e+02, 1e+08]
  Bounds range     [6e-06, 1e+01]
  RHS range        [4e-03, 8e+02]
LP warm-start: use basis

Iteration    Objective       Primal Inf.    Dual Inf.      Time
       0    5.7780178e+09   1.052685e+01   0.000000e+00      2s
     470    5.7785033e+09   6.841482e-01   0.000000e+00      9s
     534    5.7785037e+09   0.000000e+00   0.000000e+00     11s

Solved in 534 iterations and 11.46 seconds (9.57 work units)
Optimal objective  5.778503676e+09

User-callback calls 557, time in user-callback 0.01 sec
Gurobi Optimizer version 11.0.3 build v11.0.3rc0 (win64 - Windows 11+.0 (26200.2))

CPU model: 12th Gen Intel(R) Core(TM) i7-1260P, instruction set [SSE2|AVX|AVX2]
Thread count: 12 physical cores, 16 logical processors, using up to 16 threads

Optimize a model with 3497664 rows, 3719542 columns and 22643105 nonzeros
Coefficient statistics:
  Matrix range     [5e-03, 2e+01]
  Objective range  [3e+02, 1e+08]
  Bounds range     [6e-06, 1e+01]
  RHS range        [4e-03, 8e+02]
LP warm-start: use basis

Iteration    Objective       Primal Inf.    Dual Inf.      Time
       0    5.7785037e+09   1.060281e+01   0.000000e+00      2s
     187    5.7786738e+09   0.000000e+00   0.000000e+00      6s

Solved in 187 iterations and 5.66 seconds (4.38 work units)
Optimal objective  5.778673822e+09

User-callback calls 209, time in user-callback 0.00 sec
Gurobi Optimizer version 11.0.3 build v11.0.3rc0 (win64 - Windows 11+.0 (26200.2))

CPU model: 12th Gen Intel(R) Core(TM) i7-1260P, instruction set [SSE2|AVX|AVX2]
Thread count: 12 physical cores, 16 logical processors, using up to 16 threads

Optimize a model with 3497696 rows, 3719542 columns and 22706322 nonzeros
Coefficient statistics:
  Matrix range     [5e-03, 2e+01]
  Objective range  [3e+02, 1e+08]
  Bounds range     [6e-06, 1e+01]
  RHS range        [4e-03, 8e+02]
LP warm-start: use basis

Iteration    Objective       Primal Inf.    Dual Inf.      Time
       0    5.7786738e+09   1.091427e+01   0.000000e+00      2s
     225    5.7790236e+09   0.000000e+00   0.000000e+00      6s

Solved in 225 iterations and 6.57 seconds (4.89 work units)
Optimal objective  5.779023599e+09

User-callback calls 247, time in user-callback 0.00 sec
Gurobi Optimizer version 11.0.3 build v11.0.3rc0 (win64 - Windows 11+.0 (26200.2))

CPU model: 12th Gen Intel(R) Core(TM) i7-1260P, instruction set [SSE2|AVX|AVX2]
Thread count: 12 physical cores, 16 logical processors, using up to 16 threads

Optimize a model with 3497728 rows, 3719542 columns and 22795749 nonzeros
Coefficient statistics:
  Matrix range     [5e-03, 2e+01]
  Objective range  [3e+02, 1e+08]
  Bounds range     [6e-06, 1e+01]
  RHS range        [4e-03, 8e+02]
LP warm-start: use basis

Iteration    Objective       Primal Inf.    Dual Inf.      Time
       0    5.7790236e+09   8.990199e+00   0.000000e+00      2s
     380    5.7794380e+09   9.133514e+00   0.000000e+00      9s
     551    5.7794408e+09   0.000000e+00   0.000000e+00     13s

Solved in 551 iterations and 13.55 seconds (10.90 work units)
Optimal objective  5.779440752e+09

User-callback calls 574, time in user-callback 0.01 sec
Gurobi Optimizer version 11.0.3 build v11.0.3rc0 (win64 - Windows 11+.0 (26200.2))

CPU model: 12th Gen Intel(R) Core(TM) i7-1260P, instruction set [SSE2|AVX|AVX2]
Thread count: 12 physical cores, 16 logical processors, using up to 16 threads

Optimize a model with 3497760 rows, 3719542 columns and 22973915 nonzeros
Coefficient statistics:
  Matrix range     [5e-03, 2e+01]
  Objective range  [3e+02, 1e+08]
  Bounds range     [6e-06, 1e+01]
  RHS range        [4e-03, 8e+02]
LP warm-start: use basis

Iteration    Objective       Primal Inf.    Dual Inf.      Time
       0    5.7794408e+09   1.707757e+01   0.000000e+00      2s
     177    5.7794479e+09   0.000000e+00   0.000000e+00      6s

Solved in 177 iterations and 5.60 seconds (4.86 work units)
Optimal objective  5.779447942e+09

User-callback calls 199, time in user-callback 0.00 sec
Gurobi Optimizer version 11.0.3 build v11.0.3rc0 (win64 - Windows 11+.0 (26200.2))

CPU model: 12th Gen Intel(R) Core(TM) i7-1260P, instruction set [SSE2|AVX|AVX2]
Thread count: 12 physical cores, 16 logical processors, using up to 16 threads

Optimize a model with 3497792 rows, 3719542 columns and 23028670 nonzeros
Coefficient statistics:
  Matrix range     [5e-03, 2e+01]
  Objective range  [3e+02, 1e+08]
  Bounds range     [6e-06, 1e+01]
  RHS range        [4e-03, 8e+02]
LP warm-start: use basis

Iteration    Objective       Primal Inf.    Dual Inf.      Time
       0    5.7794479e+09   1.013862e+01   0.000000e+00      2s
     128    5.7797760e+09   0.000000e+00   0.000000e+00      6s

Solved in 128 iterations and 5.58 seconds (3.94 work units)
Optimal objective  5.779776023e+09

User-callback calls 150, time in user-callback 0.00 sec
Gurobi Optimizer version 11.0.3 build v11.0.3rc0 (win64 - Windows 11+.0 (26200.2))

CPU model: 12th Gen Intel(R) Core(TM) i7-1260P, instruction set [SSE2|AVX|AVX2]
Thread count: 12 physical cores, 16 logical processors, using up to 16 threads

Optimize a model with 3497824 rows, 3719542 columns and 23092469 nonzeros
Coefficient statistics:
  Matrix range     [5e-03, 2e+01]
  Objective range  [3e+02, 1e+08]
  Bounds range     [6e-06, 1e+01]
  RHS range        [4e-03, 8e+02]
LP warm-start: use basis

Iteration    Objective       Primal Inf.    Dual Inf.      Time
       0    5.7797760e+09   8.386167e+00   0.000000e+00      2s
     143    5.7799258e+09   0.000000e+00   0.000000e+00      6s

Solved in 143 iterations and 6.02 seconds (4.76 work units)
Optimal objective  5.779925810e+09

User-callback calls 165, time in user-callback 0.00 sec
Gurobi Optimizer version 11.0.3 build v11.0.3rc0 (win64 - Windows 11+.0 (26200.2))

CPU model: 12th Gen Intel(R) Core(TM) i7-1260P, instruction set [SSE2|AVX|AVX2]
Thread count: 12 physical cores, 16 logical processors, using up to 16 threads

Optimize a model with 3497856 rows, 3719542 columns and 23175575 nonzeros
Coefficient statistics:
  Matrix range     [5e-03, 2e+01]
  Objective range  [3e+02, 1e+08]
  Bounds range     [6e-06, 1e+01]
  RHS range        [4e-03, 8e+02]
LP warm-start: use basis

Iteration    Objective       Primal Inf.    Dual Inf.      Time
       0    5.7799258e+09   9.356204e+00   0.000000e+00      2s
     317    5.7801689e+09   0.000000e+00   0.000000e+00      8s

Solved in 317 iterations and 8.54 seconds (6.40 work units)
Optimal objective  5.780168941e+09

User-callback calls 339, time in user-callback 0.00 sec
Gurobi Optimizer version 11.0.3 build v11.0.3rc0 (win64 - Windows 11+.0 (26200.2))

CPU model: 12th Gen Intel(R) Core(TM) i7-1260P, instruction set [SSE2|AVX|AVX2]
Thread count: 12 physical cores, 16 logical processors, using up to 16 threads

Optimize a model with 3497888 rows, 3719542 columns and 23230743 nonzeros
Coefficient statistics:
  Matrix range     [5e-03, 2e+01]
  Objective range  [3e+02, 1e+08]
  Bounds range     [6e-06, 1e+01]
  RHS range        [4e-03, 8e+02]
LP warm-start: use basis

Iteration    Objective       Primal Inf.    Dual Inf.      Time
       0    5.7801689e+09   7.041325e+00   0.000000e+00      2s
     142    5.7802585e+09   0.000000e+00   0.000000e+00      5s

Solved in 142 iterations and 4.79 seconds (4.01 work units)
Optimal objective  5.780258499e+09

User-callback calls 164, time in user-callback 0.00 sec
Gurobi Optimizer version 11.0.3 build v11.0.3rc0 (win64 - Windows 11+.0 (26200.2))

CPU model: 12th Gen Intel(R) Core(TM) i7-1260P, instruction set [SSE2|AVX|AVX2]
Thread count: 12 physical cores, 16 logical processors, using up to 16 threads

Optimize a model with 3497920 rows, 3719542 columns and 23283393 nonzeros
Coefficient statistics:
  Matrix range     [5e-03, 2e+01]
  Objective range  [3e+02, 1e+08]
  Bounds range     [6e-06, 1e+01]
  RHS range        [4e-03, 8e+02]
LP warm-start: use basis

Iteration    Objective       Primal Inf.    Dual Inf.      Time
       0    5.7802585e+09   7.095144e+00   0.000000e+00      2s
      85    5.7804165e+09   0.000000e+00   0.000000e+00      4s

Solved in 85 iterations and 3.69 seconds (3.47 work units)
Optimal objective  5.780416520e+09

User-callback calls 107, time in user-callback 0.00 sec
Gurobi Optimizer version 11.0.3 build v11.0.3rc0 (win64 - Windows 11+.0 (26200.2))

CPU model: 12th Gen Intel(R) Core(TM) i7-1260P, instruction set [SSE2|AVX|AVX2]
Thread count: 12 physical cores, 16 logical processors, using up to 16 threads

Optimize a model with 3497952 rows, 3719542 columns and 23346656 nonzeros
Coefficient statistics:
  Matrix range     [5e-03, 2e+01]
  Objective range  [3e+02, 1e+08]
  Bounds range     [6e-06, 1e+01]
  RHS range        [4e-03, 8e+02]
LP warm-start: use basis

Iteration    Objective       Primal Inf.    Dual Inf.      Time
       0    5.7804165e+09   7.343271e+00   0.000000e+00      1s
     289    5.7807123e+09   0.000000e+00   0.000000e+00      5s

Solved in 289 iterations and 5.89 seconds (5.42 work units)
Optimal objective  5.780712347e+09

User-callback calls 311, time in user-callback 0.00 sec
Gurobi Optimizer version 11.0.3 build v11.0.3rc0 (win64 - Windows 11+.0 (26200.2))

CPU model: 12th Gen Intel(R) Core(TM) i7-1260P, instruction set [SSE2|AVX|AVX2]
Thread count: 12 physical cores, 16 logical processors, using up to 16 threads

Optimize a model with 3497984 rows, 3719542 columns and 23536908 nonzeros
Coefficient statistics:
  Matrix range     [5e-03, 2e+01]
  Objective range  [3e+02, 1e+08]
  Bounds range     [6e-06, 1e+01]
  RHS range        [4e-03, 8e+02]
LP warm-start: use basis

Iteration    Objective       Primal Inf.    Dual Inf.      Time
       0    5.7807123e+09   4.759781e+00   0.000000e+00      2s
     160    5.7807264e+09   0.000000e+00   0.000000e+00      6s

Solved in 160 iterations and 6.58 seconds (5.20 work units)
Optimal objective  5.780726422e+09

User-callback calls 182, time in user-callback 0.00 sec
Gurobi Optimizer version 11.0.3 build v11.0.3rc0 (win64 - Windows 11+.0 (26200.2))

CPU model: 12th Gen Intel(R) Core(TM) i7-1260P, instruction set [SSE2|AVX|AVX2]
Thread count: 12 physical cores, 16 logical processors, using up to 16 threads

Optimize a model with 3498016 rows, 3719542 columns and 23592452 nonzeros
Coefficient statistics:
  Matrix range     [5e-03, 2e+01]
  Objective range  [3e+02, 1e+08]
  Bounds range     [6e-06, 1e+01]
  RHS range        [4e-03, 8e+02]
LP warm-start: use basis

Iteration    Objective       Primal Inf.    Dual Inf.      Time
       0    5.7807264e+09   9.442771e+00   0.000000e+00      2s
     195    5.7810173e+09   0.000000e+00   0.000000e+00      5s

Solved in 195 iterations and 6.26 seconds (5.39 work units)
Optimal objective  5.781017265e+09

User-callback calls 217, time in user-callback 0.00 sec
Gurobi Optimizer version 11.0.3 build v11.0.3rc0 (win64 - Windows 11+.0 (26200.2))

CPU model: 12th Gen Intel(R) Core(TM) i7-1260P, instruction set [SSE2|AVX|AVX2]
Thread count: 12 physical cores, 16 logical processors, using up to 16 threads

Optimize a model with 3498048 rows, 3719542 columns and 23686921 nonzeros
Coefficient statistics:
  Matrix range     [5e-03, 2e+01]
  Objective range  [3e+02, 1e+08]
  Bounds range     [6e-06, 1e+01]
  RHS range        [4e-03, 8e+02]
LP warm-start: use basis

Iteration    Objective       Primal Inf.    Dual Inf.      Time
       0    5.7810173e+09   8.434592e+00   0.000000e+00      2s
     310    5.7812784e+09   5.280613e+02   0.000000e+00     10s
     482    5.7812855e+09   0.000000e+00   0.000000e+00     14s

Solved in 482 iterations and 14.82 seconds (12.58 work units)
Optimal objective  5.781285526e+09

User-callback calls 505, time in user-callback 0.00 sec
Gurobi Optimizer version 11.0.3 build v11.0.3rc0 (win64 - Windows 11+.0 (26200.2))

CPU model: 12th Gen Intel(R) Core(TM) i7-1260P, instruction set [SSE2|AVX|AVX2]
Thread count: 12 physical cores, 16 logical processors, using up to 16 threads

Optimize a model with 3498080 rows, 3719542 columns and 23740112 nonzeros
Coefficient statistics:
  Matrix range     [5e-03, 2e+01]
  Objective range  [3e+02, 1e+08]
  Bounds range     [6e-06, 1e+01]
  RHS range        [4e-03, 8e+02]
LP warm-start: use basis

Iteration    Objective       Primal Inf.    Dual Inf.      Time
       0    5.7812855e+09   8.121796e+00   0.000000e+00      2s
     204    5.7814559e+09   0.000000e+00   0.000000e+00      7s

Solved in 204 iterations and 7.46 seconds (6.06 work units)
Optimal objective  5.781455877e+09

User-callback calls 226, time in user-callback 0.00 sec
Gurobi Optimizer version 11.0.3 build v11.0.3rc0 (win64 - Windows 11+.0 (26200.2))

CPU model: 12th Gen Intel(R) Core(TM) i7-1260P, instruction set [SSE2|AVX|AVX2]
Thread count: 12 physical cores, 16 logical processors, using up to 16 threads

Optimize a model with 3498112 rows, 3719542 columns and 23822374 nonzeros
Coefficient statistics:
  Matrix range     [5e-03, 2e+01]
  Objective range  [3e+02, 1e+08]
  Bounds range     [6e-06, 1e+01]
  RHS range        [4e-03, 8e+02]
LP warm-start: use basis

Iteration    Objective       Primal Inf.    Dual Inf.      Time
       0    5.7814559e+09   8.131129e+00   0.000000e+00      2s
     320    5.7816334e+09   2.492658e+00   0.000000e+00      9s
     445    5.7816342e+09   0.000000e+00   0.000000e+00     12s

Solved in 445 iterations and 12.94 seconds (11.20 work units)
Optimal objective  5.781634230e+09

User-callback calls 468, time in user-callback 0.00 sec
Gurobi Optimizer version 11.0.3 build v11.0.3rc0 (win64 - Windows 11+.0 (26200.2))

CPU model: 12th Gen Intel(R) Core(TM) i7-1260P, instruction set [SSE2|AVX|AVX2]
Thread count: 12 physical cores, 16 logical processors, using up to 16 threads

Optimize a model with 3498144 rows, 3719542 columns and 23906529 nonzeros
Coefficient statistics:
  Matrix range     [5e-03, 2e+01]
  Objective range  [3e+02, 1e+08]
  Bounds range     [6e-06, 1e+01]
  RHS range        [4e-03, 8e+02]
LP warm-start: use basis

Iteration    Objective       Primal Inf.    Dual Inf.      Time
       0    5.7816342e+09   1.055780e+01   0.000000e+00      2s
     400    5.7817540e+09   4.372455e-01   0.000000e+00     10s
     442    5.7817543e+09   0.000000e+00   0.000000e+00     13s

Solved in 442 iterations and 12.53 seconds (9.61 work units)
Optimal objective  5.781754303e+09

User-callback calls 465, time in user-callback 0.00 sec
Gurobi Optimizer version 11.0.3 build v11.0.3rc0 (win64 - Windows 11+.0 (26200.2))

CPU model: 12th Gen Intel(R) Core(TM) i7-1260P, instruction set [SSE2|AVX|AVX2]
Thread count: 12 physical cores, 16 logical processors, using up to 16 threads

Optimize a model with 3498176 rows, 3719542 columns and 24006665 nonzeros
Coefficient statistics:
  Matrix range     [5e-03, 2e+01]
  Objective range  [3e+02, 1e+08]
  Bounds range     [6e-06, 1e+01]
  RHS range        [4e-03, 8e+02]
LP warm-start: use basis

Iteration    Objective       Primal Inf.    Dual Inf.      Time
       0    5.7817543e+09   8.998168e+00   0.000000e+00      2s
     391    5.7818574e+09   0.000000e+00   0.000000e+00      8s

Solved in 391 iterations and 9.31 seconds (8.06 work units)
Optimal objective  5.781857430e+09

User-callback calls 413, time in user-callback 0.01 sec
Gurobi Optimizer version 11.0.3 build v11.0.3rc0 (win64 - Windows 11+.0 (26200.2))

CPU model: 12th Gen Intel(R) Core(TM) i7-1260P, instruction set [SSE2|AVX|AVX2]
Thread count: 12 physical cores, 16 logical processors, using up to 16 threads

Optimize a model with 3498208 rows, 3719542 columns and 24116776 nonzeros
Coefficient statistics:
  Matrix range     [5e-03, 2e+01]
  Objective range  [3e+02, 1e+08]
  Bounds range     [6e-06, 1e+01]
  RHS range        [4e-03, 8e+02]
LP warm-start: use basis

Iteration    Objective       Primal Inf.    Dual Inf.      Time
       0    5.7818574e+09   9.388843e+00   0.000000e+00      2s
     320    5.7820398e+09   5.101584e+01   0.000000e+00     10s
     386    5.7820402e+09   0.000000e+00   0.000000e+00     11s

Solved in 386 iterations and 12.26 seconds (10.33 work units)
Optimal objective  5.782040172e+09

User-callback calls 409, time in user-callback 0.00 sec
Gurobi Optimizer version 11.0.3 build v11.0.3rc0 (win64 - Windows 11+.0 (26200.2))

CPU model: 12th Gen Intel(R) Core(TM) i7-1260P, instruction set [SSE2|AVX|AVX2]
Thread count: 12 physical cores, 16 logical processors, using up to 16 threads

Optimize a model with 3498240 rows, 3719542 columns and 24188998 nonzeros
Coefficient statistics:
  Matrix range     [5e-03, 2e+01]
  Objective range  [3e+02, 1e+08]
  Bounds range     [6e-06, 1e+01]
  RHS range        [4e-03, 8e+02]
LP warm-start: use basis

Iteration    Objective       Primal Inf.    Dual Inf.      Time
       0    5.7820402e+09   8.593301e+00   0.000000e+00      2s
     161    5.7822169e+09   0.000000e+00   0.000000e+00      5s

Solved in 161 iterations and 5.41 seconds (4.58 work units)
Optimal objective  5.782216888e+09

User-callback calls 183, time in user-callback 0.00 sec
Gurobi Optimizer version 11.0.3 build v11.0.3rc0 (win64 - Windows 11+.0 (26200.2))

CPU model: 12th Gen Intel(R) Core(TM) i7-1260P, instruction set [SSE2|AVX|AVX2]
Thread count: 12 physical cores, 16 logical processors, using up to 16 threads

Optimize a model with 3498272 rows, 3719542 columns and 24277265 nonzeros
Coefficient statistics:
  Matrix range     [5e-03, 2e+01]
  Objective range  [3e+02, 1e+08]
  Bounds range     [6e-06, 1e+01]
  RHS range        [4e-03, 8e+02]
LP warm-start: use basis

Iteration    Objective       Primal Inf.    Dual Inf.      Time
       0    5.7822169e+09   1.046245e+01   0.000000e+00      2s
     330    5.7823938e+09   2.598538e+01   0.000000e+00      9s
     466    5.7824037e+09   0.000000e+00   0.000000e+00     12s

Solved in 466 iterations and 12.53 seconds (11.41 work units)
Optimal objective  5.782403662e+09

User-callback calls 489, time in user-callback 0.01 sec
Gurobi Optimizer version 11.0.3 build v11.0.3rc0 (win64 - Windows 11+.0 (26200.2))

CPU model: 12th Gen Intel(R) Core(TM) i7-1260P, instruction set [SSE2|AVX|AVX2]
Thread count: 12 physical cores, 16 logical processors, using up to 16 threads

Optimize a model with 3498304 rows, 3719542 columns and 24353481 nonzeros
Coefficient statistics:
  Matrix range     [5e-03, 2e+01]
  Objective range  [3e+02, 1e+08]
  Bounds range     [6e-06, 1e+01]
  RHS range        [4e-03, 8e+02]
LP warm-start: use basis

Iteration    Objective       Primal Inf.    Dual Inf.      Time
       0    5.7824037e+09   7.506057e+00   0.000000e+00      2s
     249    5.7825856e+09   0.000000e+00   0.000000e+00      8s

Solved in 249 iterations and 8.89 seconds (7.44 work units)
Optimal objective  5.782585565e+09

User-callback calls 271, time in user-callback 0.00 sec
Gurobi Optimizer version 11.0.3 build v11.0.3rc0 (win64 - Windows 11+.0 (26200.2))

CPU model: 12th Gen Intel(R) Core(TM) i7-1260P, instruction set [SSE2|AVX|AVX2]
Thread count: 12 physical cores, 16 logical processors, using up to 16 threads

Optimize a model with 3498336 rows, 3719542 columns and 24469240 nonzeros
Coefficient statistics:
  Matrix range     [5e-03, 2e+01]
  Objective range  [3e+02, 1e+08]
  Bounds range     [6e-06, 1e+01]
  RHS range        [4e-03, 8e+02]
LP warm-start: use basis

Iteration    Objective       Primal Inf.    Dual Inf.      Time
       0    5.7825856e+09   7.632989e+00   0.000000e+00      2s
     320    5.7826479e+09   6.757743e+00   0.000000e+00      9s
     558    5.7826510e+09   0.000000e+00   0.000000e+00     14s

Solved in 558 iterations and 15.13 seconds (12.76 work units)
Optimal objective  5.782651039e+09

User-callback calls 581, time in user-callback 0.00 sec
Gurobi Optimizer version 11.0.3 build v11.0.3rc0 (win64 - Windows 11+.0 (26200.2))

CPU model: 12th Gen Intel(R) Core(TM) i7-1260P, instruction set [SSE2|AVX|AVX2]
Thread count: 12 physical cores, 16 logical processors, using up to 16 threads

Optimize a model with 3498368 rows, 3719542 columns and 24504607 nonzeros
Coefficient statistics:
  Matrix range     [5e-03, 2e+01]
  Objective range  [3e+02, 1e+08]
  Bounds range     [6e-06, 1e+01]
  RHS range        [4e-03, 8e+02]
LP warm-start: use basis

Iteration    Objective       Primal Inf.    Dual Inf.      Time
       0    5.7826510e+09   1.027004e+01   0.000000e+00      2s
      80    5.7826787e+09   0.000000e+00   0.000000e+00      5s

Solved in 80 iterations and 4.65 seconds (4.16 work units)
Optimal objective  5.782678663e+09

User-callback calls 102, time in user-callback 0.00 sec
Gurobi Optimizer version 11.0.3 build v11.0.3rc0 (win64 - Windows 11+.0 (26200.2))

CPU model: 12th Gen Intel(R) Core(TM) i7-1260P, instruction set [SSE2|AVX|AVX2]
Thread count: 12 physical cores, 16 logical processors, using up to 16 threads

Optimize a model with 3498400 rows, 3719542 columns and 24599223 nonzeros
Coefficient statistics:
  Matrix range     [5e-03, 2e+01]
  Objective range  [3e+02, 1e+08]
  Bounds range     [6e-06, 1e+01]
  RHS range        [4e-03, 8e+02]
LP warm-start: use basis

Iteration    Objective       Primal Inf.    Dual Inf.      Time
       0    5.7826787e+09   6.595894e+00   0.000000e+00      2s
     290    5.7828078e+09   2.488751e+00   0.000000e+00      9s
     408    5.7828092e+09   0.000000e+00   0.000000e+00     12s

Solved in 408 iterations and 13.35 seconds (11.59 work units)
Optimal objective  5.782809177e+09

User-callback calls 431, time in user-callback 0.00 sec
Gurobi Optimizer version 11.0.3 build v11.0.3rc0 (win64 - Windows 11+.0 (26200.2))

CPU model: 12th Gen Intel(R) Core(TM) i7-1260P, instruction set [SSE2|AVX|AVX2]
Thread count: 12 physical cores, 16 logical processors, using up to 16 threads

Optimize a model with 3498432 rows, 3719542 columns and 24697914 nonzeros
Coefficient statistics:
  Matrix range     [5e-03, 2e+01]
  Objective range  [3e+02, 1e+08]
  Bounds range     [6e-06, 1e+01]
  RHS range        [4e-03, 8e+02]
LP warm-start: use basis

Iteration    Objective       Primal Inf.    Dual Inf.      Time
       0    5.7828092e+09   6.281922e+00   0.000000e+00      2s
     320    5.7829111e+09   1.614945e-01   0.000000e+00     10s
     340    5.7829112e+09   0.000000e+00   0.000000e+00     12s

Solved in 340 iterations and 12.00 seconds (9.44 work units)
Optimal objective  5.782911241e+09

User-callback calls 363, time in user-callback 0.00 sec
Gurobi Optimizer version 11.0.3 build v11.0.3rc0 (win64 - Windows 11+.0 (26200.2))

CPU model: 12th Gen Intel(R) Core(TM) i7-1260P, instruction set [SSE2|AVX|AVX2]
Thread count: 12 physical cores, 16 logical processors, using up to 16 threads

Optimize a model with 3498464 rows, 3719542 columns and 24769754 nonzeros
Coefficient statistics:
  Matrix range     [5e-03, 2e+01]
  Objective range  [3e+02, 1e+08]
  Bounds range     [6e-06, 1e+01]
  RHS range        [4e-03, 8e+02]
LP warm-start: use basis

Iteration    Objective       Primal Inf.    Dual Inf.      Time
       0    5.7829112e+09   7.309213e+00   0.000000e+00      2s
     280    5.7830145e+09   5.554424e+00   0.000000e+00     10s
     550    5.7830224e+09   1.040767e+01   0.000000e+00     17s
     570    5.7830224e+09   0.000000e+00   0.000000e+00     19s

Solved in 570 iterations and 18.59 seconds (15.27 work units)
Optimal objective  5.783022444e+09

User-callback calls 594, time in user-callback 0.01 sec
Gurobi Optimizer version 11.0.3 build v11.0.3rc0 (win64 - Windows 11+.0 (26200.2))

CPU model: 12th Gen Intel(R) Core(TM) i7-1260P, instruction set [SSE2|AVX|AVX2]
Thread count: 12 physical cores, 16 logical processors, using up to 16 threads

Optimize a model with 3498496 rows, 3719542 columns and 24782556 nonzeros
Coefficient statistics:
  Matrix range     [5e-03, 2e+01]
  Objective range  [3e+02, 1e+08]
  Bounds range     [6e-06, 1e+01]
  RHS range        [4e-03, 8e+02]
LP warm-start: use basis

Iteration    Objective       Primal Inf.    Dual Inf.      Time
       0    5.7830224e+09   3.027216e+00   0.000000e+00      2s
      87    5.7830345e+09   0.000000e+00   0.000000e+00      5s

Solved in 87 iterations and 5.10 seconds (4.28 work units)
Optimal objective  5.783034537e+09

User-callback calls 109, time in user-callback 0.00 sec
Gurobi Optimizer version 11.0.3 build v11.0.3rc0 (win64 - Windows 11+.0 (26200.2))

CPU model: 12th Gen Intel(R) Core(TM) i7-1260P, instruction set [SSE2|AVX|AVX2]
Thread count: 12 physical cores, 16 logical processors, using up to 16 threads

Optimize a model with 3498528 rows, 3719542 columns and 24856324 nonzeros
Coefficient statistics:
  Matrix range     [5e-03, 2e+01]
  Objective range  [3e+02, 1e+08]
  Bounds range     [6e-06, 1e+01]
  RHS range        [4e-03, 8e+02]
LP warm-start: use basis

Iteration    Objective       Primal Inf.    Dual Inf.      Time
       0    5.7830345e+09   5.832929e+00   0.000000e+00      2s
     310    5.7831390e+09   4.808023e+00   0.000000e+00      9s
     373    5.7831392e+09   0.000000e+00   0.000000e+00     12s

Solved in 373 iterations and 11.95 seconds (10.11 work units)
Optimal objective  5.783139183e+09

User-callback calls 396, time in user-callback 0.00 sec
Gurobi Optimizer version 11.0.3 build v11.0.3rc0 (win64 - Windows 11+.0 (26200.2))

CPU model: 12th Gen Intel(R) Core(TM) i7-1260P, instruction set [SSE2|AVX|AVX2]
Thread count: 12 physical cores, 16 logical processors, using up to 16 threads

Optimize a model with 3498560 rows, 3719542 columns and 24969598 nonzeros
Coefficient statistics:
  Matrix range     [5e-03, 2e+01]
  Objective range  [3e+02, 1e+08]
  Bounds range     [6e-06, 1e+01]
  RHS range        [4e-03, 8e+02]
LP warm-start: use basis

Iteration    Objective       Primal Inf.    Dual Inf.      Time
       0    5.7831392e+09   5.906062e+00   0.000000e+00      3s
     330    5.7832484e+09   6.830611e+00   0.000000e+00     11s
     476    5.7832495e+09   0.000000e+00   0.000000e+00     15s

Solved in 476 iterations and 16.44 seconds (12.12 work units)
Optimal objective  5.783249501e+09

User-callback calls 499, time in user-callback 0.01 sec
Gurobi Optimizer version 11.0.3 build v11.0.3rc0 (win64 - Windows 11+.0 (26200.2))

CPU model: 12th Gen Intel(R) Core(TM) i7-1260P, instruction set [SSE2|AVX|AVX2]
Thread count: 12 physical cores, 16 logical processors, using up to 16 threads

Optimize a model with 3498592 rows, 3719542 columns and 25107570 nonzeros
Coefficient statistics:
  Matrix range     [5e-03, 2e+01]
  Objective range  [3e+02, 1e+08]
  Bounds range     [6e-06, 1e+01]
  RHS range        [4e-03, 8e+02]
LP warm-start: use basis

Iteration    Objective       Primal Inf.    Dual Inf.      Time
       0    5.7832495e+09   5.366705e+00   0.000000e+00      2s
     340    5.7833866e+09   4.742724e+00   0.000000e+00     10s
     610    5.7833984e+09   1.166099e+01   0.000000e+00     16s
     832    5.7834016e+09   0.000000e+00   0.000000e+00     23s

Solved in 832 iterations and 24.05 seconds (19.76 work units)
Optimal objective  5.783401643e+09

User-callback calls 856, time in user-callback 0.01 sec
Gurobi Optimizer version 11.0.3 build v11.0.3rc0 (win64 - Windows 11+.0 (26200.2))

CPU model: 12th Gen Intel(R) Core(TM) i7-1260P, instruction set [SSE2|AVX|AVX2]
Thread count: 12 physical cores, 16 logical processors, using up to 16 threads

Optimize a model with 3498624 rows, 3719542 columns and 25239439 nonzeros
Coefficient statistics:
  Matrix range     [5e-03, 2e+01]
  Objective range  [3e+02, 1e+08]
  Bounds range     [6e-06, 1e+01]
  RHS range        [4e-03, 8e+02]
LP warm-start: use basis

Iteration    Objective       Primal Inf.    Dual Inf.      Time
       0    5.7834016e+09   9.064934e+00   0.000000e+00      3s
     330    5.7835054e+09   2.006103e+02   0.000000e+00     11s
     390    5.7835062e+09   0.000000e+00   0.000000e+00     14s

Solved in 390 iterations and 14.10 seconds (10.35 work units)
Optimal objective  5.783506194e+09

User-callback calls 413, time in user-callback 0.00 sec
Gurobi Optimizer version 11.0.3 build v11.0.3rc0 (win64 - Windows 11+.0 (26200.2))

CPU model: 12th Gen Intel(R) Core(TM) i7-1260P, instruction set [SSE2|AVX|AVX2]
Thread count: 12 physical cores, 16 logical processors, using up to 16 threads

Optimize a model with 3498656 rows, 3719542 columns and 25359662 nonzeros
Coefficient statistics:
  Matrix range     [5e-03, 2e+01]
  Objective range  [3e+02, 1e+08]
  Bounds range     [6e-06, 1e+01]
  RHS range        [4e-03, 8e+02]
LP warm-start: use basis

Iteration    Objective       Primal Inf.    Dual Inf.      Time
       0    5.7835062e+09   5.952787e+00   0.000000e+00      2s
     280    5.7836315e+09   3.910051e-01   0.000000e+00     11s
     337    5.7836327e+09   0.000000e+00   0.000000e+00     14s

Solved in 337 iterations and 13.95 seconds (10.39 work units)
Optimal objective  5.783632708e+09

User-callback calls 360, time in user-callback 0.00 sec
Gurobi Optimizer version 11.0.3 build v11.0.3rc0 (win64 - Windows 11+.0 (26200.2))

CPU model: 12th Gen Intel(R) Core(TM) i7-1260P, instruction set [SSE2|AVX|AVX2]
Thread count: 12 physical cores, 16 logical processors, using up to 16 threads

Optimize a model with 3498688 rows, 3719542 columns and 25428575 nonzeros
Coefficient statistics:
  Matrix range     [5e-03, 2e+01]
  Objective range  [3e+02, 1e+08]
  Bounds range     [6e-06, 1e+01]
  RHS range        [4e-03, 8e+02]
LP warm-start: use basis

Iteration    Objective       Primal Inf.    Dual Inf.      Time
       0    5.7836327e+09   3.839716e+00   0.000000e+00      2s
     280    5.7837090e+09   1.857179e+00   0.000000e+00      9s
     356    5.7837093e+09   0.000000e+00   0.000000e+00     12s
     357    5.7837093e+09   0.000000e+00   0.000000e+00     14s

Solved in 357 iterations and 14.16 seconds (13.20 work units)
Optimal objective  5.783709270e+09

User-callback calls 383, time in user-callback 0.00 sec
Gurobi Optimizer version 11.0.3 build v11.0.3rc0 (win64 - Windows 11+.0 (26200.2))

CPU model: 12th Gen Intel(R) Core(TM) i7-1260P, instruction set [SSE2|AVX|AVX2]
Thread count: 12 physical cores, 16 logical processors, using up to 16 threads

Optimize a model with 3498720 rows, 3719542 columns and 25476906 nonzeros
Coefficient statistics:
  Matrix range     [5e-03, 2e+01]
  Objective range  [3e+02, 1e+08]
  Bounds range     [6e-06, 1e+01]
  RHS range        [4e-03, 8e+02]
LP warm-start: use basis

Iteration    Objective       Primal Inf.    Dual Inf.      Time
       0    5.7837093e+09   5.034523e+00   0.000000e+00      2s
     260    5.7837497e+09   2.885356e-01   0.000000e+00     11s
     277    5.7837497e+09   0.000000e+00   0.000000e+00     13s

Solved in 277 iterations and 12.70 seconds (9.66 work units)
Optimal objective  5.783749707e+09

User-callback calls 300, time in user-callback 0.00 sec
Gurobi Optimizer version 11.0.3 build v11.0.3rc0 (win64 - Windows 11+.0 (26200.2))

CPU model: 12th Gen Intel(R) Core(TM) i7-1260P, instruction set [SSE2|AVX|AVX2]
Thread count: 12 physical cores, 16 logical processors, using up to 16 threads

Optimize a model with 3498752 rows, 3719542 columns and 25586958 nonzeros
Coefficient statistics:
  Matrix range     [5e-03, 2e+01]
  Objective range  [3e+02, 1e+08]
  Bounds range     [6e-06, 1e+01]
  RHS range        [4e-03, 8e+02]
LP warm-start: use basis

Iteration    Objective       Primal Inf.    Dual Inf.      Time
       0    5.7837497e+09   5.334768e+00   0.000000e+00      2s
     199    5.7838748e+09   0.000000e+00   0.000000e+00      6s

Solved in 199 iterations and 5.58 seconds (5.66 work units)
Optimal objective  5.783874777e+09

User-callback calls 221, time in user-callback 0.00 sec
Gurobi Optimizer version 11.0.3 build v11.0.3rc0 (win64 - Windows 11+.0 (26200.2))

CPU model: 12th Gen Intel(R) Core(TM) i7-1260P, instruction set [SSE2|AVX|AVX2]
Thread count: 12 physical cores, 16 logical processors, using up to 16 threads

Optimize a model with 3498784 rows, 3719542 columns and 25633759 nonzeros
Coefficient statistics:
  Matrix range     [5e-03, 2e+01]
  Objective range  [3e+02, 1e+08]
  Bounds range     [6e-06, 1e+01]
  RHS range        [4e-03, 8e+02]
LP warm-start: use basis

Iteration    Objective       Primal Inf.    Dual Inf.      Time
       0    5.7838748e+09   5.441061e+00   0.000000e+00      2s
     290    5.7839546e+09   1.266441e+00   0.000000e+00      8s
     380    5.7839552e+09   0.000000e+00   0.000000e+00     11s

Solved in 380 iterations and 11.72 seconds (11.06 work units)
Optimal objective  5.783955212e+09

User-callback calls 403, time in user-callback 0.00 sec
Gurobi Optimizer version 11.0.3 build v11.0.3rc0 (win64 - Windows 11+.0 (26200.2))

CPU model: 12th Gen Intel(R) Core(TM) i7-1260P, instruction set [SSE2|AVX|AVX2]
Thread count: 12 physical cores, 16 logical processors, using up to 16 threads

Optimize a model with 3498816 rows, 3719542 columns and 25660775 nonzeros
Coefficient statistics:
  Matrix range     [5e-03, 2e+01]
  Objective range  [3e+02, 1e+08]
  Bounds range     [6e-06, 1e+01]
  RHS range        [4e-03, 8e+02]
LP warm-start: use basis

Iteration    Objective       Primal Inf.    Dual Inf.      Time
       0    5.7839552e+09   6.029469e+00   0.000000e+00      2s
     170    5.7839651e+09   0.000000e+00   0.000000e+00      7s

Solved in 170 iterations and 7.51 seconds (6.68 work units)
Optimal objective  5.783965086e+09

User-callback calls 192, time in user-callback 0.00 sec
Gurobi Optimizer version 11.0.3 build v11.0.3rc0 (win64 - Windows 11+.0 (26200.2))

CPU model: 12th Gen Intel(R) Core(TM) i7-1260P, instruction set [SSE2|AVX|AVX2]
Thread count: 12 physical cores, 16 logical processors, using up to 16 threads

Optimize a model with 3498848 rows, 3719542 columns and 25740905 nonzeros
Coefficient statistics:
  Matrix range     [5e-03, 2e+01]
  Objective range  [3e+02, 1e+08]
  Bounds range     [6e-06, 1e+01]
  RHS range        [4e-03, 8e+02]
LP warm-start: use basis

Iteration    Objective       Primal Inf.    Dual Inf.      Time
       0    5.7839651e+09   4.383739e+00   0.000000e+00      2s
     290    5.7841141e+09   5.298064e-01   0.000000e+00      9s
     355    5.7841147e+09   0.000000e+00   0.000000e+00     13s

Solved in 355 iterations and 12.68 seconds (10.58 work units)
Optimal objective  5.784114747e+09

User-callback calls 378, time in user-callback 0.00 sec
Gurobi Optimizer version 11.0.3 build v11.0.3rc0 (win64 - Windows 11+.0 (26200.2))

CPU model: 12th Gen Intel(R) Core(TM) i7-1260P, instruction set [SSE2|AVX|AVX2]
Thread count: 12 physical cores, 16 logical processors, using up to 16 threads

Optimize a model with 3498880 rows, 3719542 columns and 25842373 nonzeros
Coefficient statistics:
  Matrix range     [5e-03, 2e+01]
  Objective range  [3e+02, 1e+08]
  Bounds range     [6e-06, 1e+01]
  RHS range        [4e-03, 8e+02]
LP warm-start: use basis

Iteration    Objective       Primal Inf.    Dual Inf.      Time
       0    5.7841147e+09   4.080326e+00   0.000000e+00      2s
     270    5.7841915e+09   1.838998e+00   0.000000e+00      9s
     466    5.7841930e+09   0.000000e+00   0.000000e+00     14s

Solved in 466 iterations and 15.24 seconds (14.04 work units)
Optimal objective  5.784192958e+09

User-callback calls 489, time in user-callback 0.00 sec
Gurobi Optimizer version 11.0.3 build v11.0.3rc0 (win64 - Windows 11+.0 (26200.2))

CPU model: 12th Gen Intel(R) Core(TM) i7-1260P, instruction set [SSE2|AVX|AVX2]
Thread count: 12 physical cores, 16 logical processors, using up to 16 threads

Optimize a model with 3498912 rows, 3719542 columns and 25883124 nonzeros
Coefficient statistics:
  Matrix range     [5e-03, 2e+01]
  Objective range  [3e+02, 1e+08]
  Bounds range     [6e-06, 1e+01]
  RHS range        [4e-03, 8e+02]
LP warm-start: use basis

Iteration    Objective       Primal Inf.    Dual Inf.      Time
       0    5.7841930e+09   4.120657e+00   0.000000e+00      2s
      48    5.7842207e+09   0.000000e+00   0.000000e+00      5s

Solved in 48 iterations and 4.98 seconds (3.83 work units)
Optimal objective  5.784220650e+09

User-callback calls 70, time in user-callback 0.00 sec
Gurobi Optimizer version 11.0.3 build v11.0.3rc0 (win64 - Windows 11+.0 (26200.2))

CPU model: 12th Gen Intel(R) Core(TM) i7-1260P, instruction set [SSE2|AVX|AVX2]
Thread count: 12 physical cores, 16 logical processors, using up to 16 threads

Optimize a model with 3498944 rows, 3719542 columns and 25989376 nonzeros
Coefficient statistics:
  Matrix range     [5e-03, 2e+01]
  Objective range  [3e+02, 1e+08]
  Bounds range     [6e-06, 1e+01]
  RHS range        [4e-03, 8e+02]
LP warm-start: use basis

Iteration    Objective       Primal Inf.    Dual Inf.      Time
       0    5.7842207e+09   4.217969e+00   0.000000e+00      2s
     280    5.7843119e+09   1.150790e+01   0.000000e+00      9s
     550    5.7843265e+09   1.147778e+00   0.000000e+00     15s
     640    5.7843271e+09   0.000000e+00   0.000000e+00     19s

Solved in 640 iterations and 19.03 seconds (17.53 work units)
Optimal objective  5.784327093e+09

User-callback calls 664, time in user-callback 0.00 sec
Gurobi Optimizer version 11.0.3 build v11.0.3rc0 (win64 - Windows 11+.0 (26200.2))

CPU model: 12th Gen Intel(R) Core(TM) i7-1260P, instruction set [SSE2|AVX|AVX2]
Thread count: 12 physical cores, 16 logical processors, using up to 16 threads

Optimize a model with 3498976 rows, 3719542 columns and 26069828 nonzeros
Coefficient statistics:
  Matrix range     [5e-03, 2e+01]
  Objective range  [3e+02, 1e+08]
  Bounds range     [6e-06, 1e+01]
  RHS range        [4e-03, 8e+02]
LP warm-start: use basis

Iteration    Objective       Primal Inf.    Dual Inf.      Time
       0    5.7843271e+09   3.751924e+00   0.000000e+00      2s
     186    5.7843750e+09   0.000000e+00   0.000000e+00      7s

Solved in 186 iterations and 8.28 seconds (6.61 work units)
Optimal objective  5.784374960e+09

User-callback calls 208, time in user-callback 0.00 sec
Gurobi Optimizer version 11.0.3 build v11.0.3rc0 (win64 - Windows 11+.0 (26200.2))

CPU model: 12th Gen Intel(R) Core(TM) i7-1260P, instruction set [SSE2|AVX|AVX2]
Thread count: 12 physical cores, 16 logical processors, using up to 16 threads

Optimize a model with 3499008 rows, 3719542 columns and 26120983 nonzeros
Coefficient statistics:
  Matrix range     [5e-03, 2e+01]
  Objective range  [3e+02, 1e+08]
  Bounds range     [6e-06, 1e+01]
  RHS range        [4e-03, 8e+02]
LP warm-start: use basis

Iteration    Objective       Primal Inf.    Dual Inf.      Time
       0    5.7843750e+09   3.412031e+00   0.000000e+00      2s
     105    5.7844941e+09   0.000000e+00   0.000000e+00      6s

Solved in 105 iterations and 5.94 seconds (4.86 work units)
Optimal objective  5.784494055e+09

User-callback calls 127, time in user-callback 0.00 sec
Gurobi Optimizer version 11.0.3 build v11.0.3rc0 (win64 - Windows 11+.0 (26200.2))

CPU model: 12th Gen Intel(R) Core(TM) i7-1260P, instruction set [SSE2|AVX|AVX2]
Thread count: 12 physical cores, 16 logical processors, using up to 16 threads

Optimize a model with 3499040 rows, 3719542 columns and 26186906 nonzeros
Coefficient statistics:
  Matrix range     [5e-03, 2e+01]
  Objective range  [3e+02, 1e+08]
  Bounds range     [6e-06, 1e+01]
  RHS range        [4e-03, 8e+02]
LP warm-start: use basis

Iteration    Objective       Primal Inf.    Dual Inf.      Time
       0    5.7844941e+09   2.714180e+00   0.000000e+00      2s
     290    5.7845608e+09   3.582803e+00   0.000000e+00     10s
     508    5.7845623e+09   0.000000e+00   0.000000e+00     16s

Solved in 508 iterations and 17.63 seconds (14.19 work units)
Optimal objective  5.784562349e+09

User-callback calls 531, time in user-callback 0.01 sec
Gurobi Optimizer version 11.0.3 build v11.0.3rc0 (win64 - Windows 11+.0 (26200.2))

CPU model: 12th Gen Intel(R) Core(TM) i7-1260P, instruction set [SSE2|AVX|AVX2]
Thread count: 12 physical cores, 16 logical processors, using up to 16 threads

Optimize a model with 3499072 rows, 3719542 columns and 26293168 nonzeros
Coefficient statistics:
  Matrix range     [5e-03, 2e+01]
  Objective range  [3e+02, 1e+08]
  Bounds range     [6e-06, 1e+01]
  RHS range        [4e-03, 8e+02]
LP warm-start: use basis

Iteration    Objective       Primal Inf.    Dual Inf.      Time
       0    5.7845623e+09   3.472931e+00   0.000000e+00      2s
     300    5.7846352e+09   1.004984e+02   0.000000e+00     10s
     535    5.7846529e+09   0.000000e+00   0.000000e+00     16s

Solved in 535 iterations and 17.01 seconds (14.41 work units)
Optimal objective  5.784652912e+09

User-callback calls 558, time in user-callback 0.00 sec
Gurobi Optimizer version 11.0.3 build v11.0.3rc0 (win64 - Windows 11+.0 (26200.2))

CPU model: 12th Gen Intel(R) Core(TM) i7-1260P, instruction set [SSE2|AVX|AVX2]
Thread count: 12 physical cores, 16 logical processors, using up to 16 threads

Optimize a model with 3499104 rows, 3719542 columns and 26469467 nonzeros
Coefficient statistics:
  Matrix range     [5e-03, 2e+01]
  Objective range  [3e+02, 1e+08]
  Bounds range     [6e-06, 1e+01]
  RHS range        [4e-03, 8e+02]
LP warm-start: use basis

Iteration    Objective       Primal Inf.    Dual Inf.      Time
       0    5.7846529e+09   4.423828e+00   0.000000e+00      2s
     250    5.7846773e+09   4.923082e-01   0.000000e+00     11s
     274    5.7846773e+09   0.000000e+00   0.000000e+00     13s

Solved in 274 iterations and 13.25 seconds (9.92 work units)
Optimal objective  5.784677337e+09

User-callback calls 297, time in user-callback 0.01 sec
Gurobi Optimizer version 11.0.3 build v11.0.3rc0 (win64 - Windows 11+.0 (26200.2))

CPU model: 12th Gen Intel(R) Core(TM) i7-1260P, instruction set [SSE2|AVX|AVX2]
Thread count: 12 physical cores, 16 logical processors, using up to 16 threads

Optimize a model with 3499136 rows, 3719542 columns and 26546347 nonzeros
Coefficient statistics:
  Matrix range     [5e-03, 2e+01]
  Objective range  [3e+02, 1e+08]
  Bounds range     [6e-06, 1e+01]
  RHS range        [4e-03, 8e+02]
LP warm-start: use basis

Iteration    Objective       Primal Inf.    Dual Inf.      Time
       0    5.7846773e+09   2.317997e+00   0.000000e+00      2s
     270    5.7846981e+09   1.603510e-02   0.000000e+00     11s
     295    5.7846981e+09   0.000000e+00   0.000000e+00     13s

Solved in 295 iterations and 12.90 seconds (9.79 work units)
Optimal objective  5.784698123e+09

User-callback calls 318, time in user-callback 0.00 sec
Gurobi Optimizer version 11.0.3 build v11.0.3rc0 (win64 - Windows 11+.0 (26200.2))

CPU model: 12th Gen Intel(R) Core(TM) i7-1260P, instruction set [SSE2|AVX|AVX2]
Thread count: 12 physical cores, 16 logical processors, using up to 16 threads

Optimize a model with 3499168 rows, 3719542 columns and 26599385 nonzeros
Coefficient statistics:
  Matrix range     [5e-03, 2e+01]
  Objective range  [3e+02, 1e+08]
  Bounds range     [6e-06, 1e+01]
  RHS range        [4e-03, 8e+02]
LP warm-start: use basis

Iteration    Objective       Primal Inf.    Dual Inf.      Time
       0    5.7846981e+09   2.990901e+00   0.000000e+00      2s
     310    5.7847666e+09   3.723350e+01   0.000000e+00     11s
     416    5.7847680e+09   0.000000e+00   0.000000e+00     16s

Solved in 416 iterations and 15.90 seconds (11.92 work units)
Optimal objective  5.784767956e+09

User-callback calls 439, time in user-callback 0.00 sec
Gurobi Optimizer version 11.0.3 build v11.0.3rc0 (win64 - Windows 11+.0 (26200.2))

CPU model: 12th Gen Intel(R) Core(TM) i7-1260P, instruction set [SSE2|AVX|AVX2]
Thread count: 12 physical cores, 16 logical processors, using up to 16 threads

Optimize a model with 3499200 rows, 3719542 columns and 26692202 nonzeros
Coefficient statistics:
  Matrix range     [5e-03, 2e+01]
  Objective range  [3e+02, 1e+08]
  Bounds range     [6e-06, 1e+01]
  RHS range        [4e-03, 8e+02]
LP warm-start: use basis

Iteration    Objective       Primal Inf.    Dual Inf.      Time
       0    5.7847680e+09   3.531872e+00   0.000000e+00      2s
     320    5.7848467e+09   5.345118e+00   0.000000e+00      9s
     407    5.7848474e+09   0.000000e+00   0.000000e+00     12s

Solved in 407 iterations and 12.78 seconds (11.01 work units)
Optimal objective  5.784847424e+09

User-callback calls 430, time in user-callback 0.00 sec
Gurobi Optimizer version 11.0.3 build v11.0.3rc0 (win64 - Windows 11+.0 (26200.2))

CPU model: 12th Gen Intel(R) Core(TM) i7-1260P, instruction set [SSE2|AVX|AVX2]
Thread count: 12 physical cores, 16 logical processors, using up to 16 threads

Optimize a model with 3499232 rows, 3719542 columns and 26815963 nonzeros
Coefficient statistics:
  Matrix range     [5e-03, 2e+01]
  Objective range  [3e+02, 1e+08]
  Bounds range     [6e-06, 1e+01]
  RHS range        [4e-03, 8e+02]
LP warm-start: use basis

Iteration    Objective       Primal Inf.    Dual Inf.      Time
       0    5.7848474e+09   2.914940e+00   0.000000e+00      2s
     306    5.7849106e+09   0.000000e+00   0.000000e+00      9s

Solved in 306 iterations and 10.29 seconds (8.53 work units)
Optimal objective  5.784910628e+09

User-callback calls 328, time in user-callback 0.00 sec
Gurobi Optimizer version 11.0.3 build v11.0.3rc0 (win64 - Windows 11+.0 (26200.2))

CPU model: 12th Gen Intel(R) Core(TM) i7-1260P, instruction set [SSE2|AVX|AVX2]
Thread count: 12 physical cores, 16 logical processors, using up to 16 threads

Optimize a model with 3499264 rows, 3719542 columns and 26894280 nonzeros
Coefficient statistics:
  Matrix range     [5e-03, 2e+01]
  Objective range  [3e+02, 1e+08]
  Bounds range     [6e-06, 1e+01]
  RHS range        [4e-03, 8e+02]
LP warm-start: use basis

Iteration    Objective       Primal Inf.    Dual Inf.      Time
       0    5.7849106e+09   2.202729e+00   0.000000e+00      2s
     279    5.7849613e+09   0.000000e+00   0.000000e+00     10s

Solved in 279 iterations and 10.61 seconds (7.91 work units)
Optimal objective  5.784961274e+09

User-callback calls 301, time in user-callback 0.00 sec
Gurobi Optimizer version 11.0.3 build v11.0.3rc0 (win64 - Windows 11+.0 (26200.2))

CPU model: 12th Gen Intel(R) Core(TM) i7-1260P, instruction set [SSE2|AVX|AVX2]
Thread count: 12 physical cores, 16 logical processors, using up to 16 threads

Optimize a model with 3499296 rows, 3719542 columns and 27010173 nonzeros
Coefficient statistics:
  Matrix range     [5e-03, 2e+01]
  Objective range  [3e+02, 1e+08]
  Bounds range     [6e-06, 1e+01]
  RHS range        [4e-03, 8e+02]
LP warm-start: use basis

Iteration    Objective       Primal Inf.    Dual Inf.      Time
       0    5.7849613e+09   2.485335e+00   0.000000e+00      2s
     173    5.7849936e+09   0.000000e+00   0.000000e+00      7s

Solved in 173 iterations and 8.24 seconds (6.24 work units)
Optimal objective  5.784993612e+09

User-callback calls 195, time in user-callback 0.00 sec
Gurobi Optimizer version 11.0.3 build v11.0.3rc0 (win64 - Windows 11+.0 (26200.2))

CPU model: 12th Gen Intel(R) Core(TM) i7-1260P, instruction set [SSE2|AVX|AVX2]
Thread count: 12 physical cores, 16 logical processors, using up to 16 threads

Optimize a model with 3499328 rows, 3719542 columns and 27106310 nonzeros
Coefficient statistics:
  Matrix range     [5e-03, 2e+01]
  Objective range  [3e+02, 1e+08]
  Bounds range     [6e-06, 1e+01]
  RHS range        [4e-03, 8e+02]
LP warm-start: use basis

Iteration    Objective       Primal Inf.    Dual Inf.      Time
       0    5.7849936e+09   1.369053e+00   0.000000e+00      2s
     260    5.7850255e+09   1.004771e+00   0.000000e+00     11s
     500    5.7850359e+09   9.618822e-01   0.000000e+00     18s
     535    5.7850360e+09   0.000000e+00   0.000000e+00     21s

Solved in 535 iterations and 20.59 seconds (16.58 work units)
Optimal objective  5.785036028e+09

User-callback calls 559, time in user-callback 0.00 sec
Gurobi Optimizer version 11.0.3 build v11.0.3rc0 (win64 - Windows 11+.0 (26200.2))

CPU model: 12th Gen Intel(R) Core(TM) i7-1260P, instruction set [SSE2|AVX|AVX2]
Thread count: 12 physical cores, 16 logical processors, using up to 16 threads

Optimize a model with 3499360 rows, 3719542 columns and 27252711 nonzeros
Coefficient statistics:
  Matrix range     [5e-03, 2e+01]
  Objective range  [3e+02, 1e+08]
  Bounds range     [6e-06, 1e+01]
  RHS range        [4e-03, 8e+02]
LP warm-start: use basis

Iteration    Objective       Primal Inf.    Dual Inf.      Time
       0    5.7850360e+09   1.797372e+00   0.000000e+00      2s
     290    5.7850585e+09   3.084722e+02   0.000000e+00     10s
     520    5.7850641e+09   0.000000e+00   0.000000e+00     17s

Solved in 520 iterations and 17.82 seconds (15.17 work units)
Optimal objective  5.785064148e+09

User-callback calls 543, time in user-callback 0.00 sec
Gurobi Optimizer version 11.0.3 build v11.0.3rc0 (win64 - Windows 11+.0 (26200.2))

CPU model: 12th Gen Intel(R) Core(TM) i7-1260P, instruction set [SSE2|AVX|AVX2]
Thread count: 12 physical cores, 16 logical processors, using up to 16 threads

Optimize a model with 3499392 rows, 3719542 columns and 27318588 nonzeros
Coefficient statistics:
  Matrix range     [5e-03, 2e+01]
  Objective range  [3e+02, 1e+08]
  Bounds range     [6e-06, 1e+01]
  RHS range        [4e-03, 8e+02]
LP warm-start: use basis

Iteration    Objective       Primal Inf.    Dual Inf.      Time
       0    5.7850641e+09   1.864978e+00   0.000000e+00      2s
     110    5.7850796e+09   0.000000e+00   0.000000e+00      5s

Solved in 110 iterations and 6.53 seconds (4.61 work units)
Optimal objective  5.785079577e+09

User-callback calls 132, time in user-callback 0.00 sec
Gurobi Optimizer version 11.0.3 build v11.0.3rc0 (win64 - Windows 11+.0 (26200.2))

CPU model: 12th Gen Intel(R) Core(TM) i7-1260P, instruction set [SSE2|AVX|AVX2]
Thread count: 12 physical cores, 16 logical processors, using up to 16 threads

Optimize a model with 3499424 rows, 3719542 columns and 27439482 nonzeros
Coefficient statistics:
  Matrix range     [5e-03, 2e+01]
  Objective range  [3e+02, 1e+08]
  Bounds range     [6e-06, 1e+01]
  RHS range        [4e-03, 8e+02]
LP warm-start: use basis

Iteration    Objective       Primal Inf.    Dual Inf.      Time
       0    5.7850796e+09   1.477215e+00   0.000000e+00      2s
     274    5.7851123e+09   0.000000e+00   0.000000e+00     10s

Solved in 274 iterations and 11.20 seconds (8.65 work units)
Optimal objective  5.785112264e+09

User-callback calls 296, time in user-callback 0.00 sec
Gurobi Optimizer version 11.0.3 build v11.0.3rc0 (win64 - Windows 11+.0 (26200.2))

CPU model: 12th Gen Intel(R) Core(TM) i7-1260P, instruction set [SSE2|AVX|AVX2]
Thread count: 12 physical cores, 16 logical processors, using up to 16 threads

Optimize a model with 3499456 rows, 3719542 columns and 27494306 nonzeros
Coefficient statistics:
  Matrix range     [5e-03, 2e+01]
  Objective range  [3e+02, 1e+08]
  Bounds range     [6e-06, 1e+01]
  RHS range        [4e-03, 8e+02]
LP warm-start: use basis

Iteration    Objective       Primal Inf.    Dual Inf.      Time
       0    5.7851123e+09   1.671076e+00   0.000000e+00      2s
      97    5.7851510e+09   0.000000e+00   0.000000e+00      5s

Solved in 97 iterations and 6.49 seconds (4.55 work units)
Optimal objective  5.785151032e+09

User-callback calls 119, time in user-callback 0.00 sec
Gurobi Optimizer version 11.0.3 build v11.0.3rc0 (win64 - Windows 11+.0 (26200.2))

CPU model: 12th Gen Intel(R) Core(TM) i7-1260P, instruction set [SSE2|AVX|AVX2]
Thread count: 12 physical cores, 16 logical processors, using up to 16 threads

Optimize a model with 3499488 rows, 3719542 columns and 27572811 nonzeros
Coefficient statistics:
  Matrix range     [5e-03, 2e+01]
  Objective range  [3e+02, 1e+08]
  Bounds range     [6e-06, 1e+01]
  RHS range        [4e-03, 8e+02]
LP warm-start: use basis

Iteration    Objective       Primal Inf.    Dual Inf.      Time
       0    5.7851510e+09   1.124092e+00   0.000000e+00      2s
     165    5.7851757e+09   0.000000e+00   0.000000e+00      7s

Solved in 165 iterations and 7.61 seconds (6.43 work units)
Optimal objective  5.785175666e+09

User-callback calls 187, time in user-callback 0.00 sec
Gurobi Optimizer version 11.0.3 build v11.0.3rc0 (win64 - Windows 11+.0 (26200.2))

CPU model: 12th Gen Intel(R) Core(TM) i7-1260P, instruction set [SSE2|AVX|AVX2]
Thread count: 12 physical cores, 16 logical processors, using up to 16 threads

Optimize a model with 3499520 rows, 3719542 columns and 27676174 nonzeros
Coefficient statistics:
  Matrix range     [5e-03, 2e+01]
  Objective range  [3e+02, 1e+08]
  Bounds range     [6e-06, 1e+01]
  RHS range        [4e-03, 8e+02]
LP warm-start: use basis

Iteration    Objective       Primal Inf.    Dual Inf.      Time
       0    5.7851757e+09   1.501276e+00   0.000000e+00      2s
     250    5.7852111e+09   8.828170e+02   0.000000e+00      9s
     490    5.7852196e+09   1.618285e+00   0.000000e+00     17s
     522    5.7852197e+09   0.000000e+00   0.000000e+00     19s

Solved in 522 iterations and 19.35 seconds (16.75 work units)
Optimal objective  5.785219750e+09

User-callback calls 546, time in user-callback 0.01 sec
Gurobi Optimizer version 11.0.3 build v11.0.3rc0 (win64 - Windows 11+.0 (26200.2))

CPU model: 12th Gen Intel(R) Core(TM) i7-1260P, instruction set [SSE2|AVX|AVX2]
Thread count: 12 physical cores, 16 logical processors, using up to 16 threads

Optimize a model with 3499552 rows, 3719542 columns and 27762476 nonzeros
Coefficient statistics:
  Matrix range     [5e-03, 2e+01]
  Objective range  [3e+02, 1e+08]
  Bounds range     [6e-06, 1e+01]
  RHS range        [4e-03, 8e+02]
LP warm-start: use basis

Iteration    Objective       Primal Inf.    Dual Inf.      Time
       0    5.7852197e+09   1.210508e+00   0.000000e+00      2s
     240    5.7852477e+09   1.102577e+02   0.000000e+00     11s
     480    5.7852599e+09   9.825290e+00   0.000000e+00     19s
     516    5.7852600e+09   0.000000e+00   0.000000e+00     21s

Solved in 516 iterations and 21.12 seconds (16.80 work units)
Optimal objective  5.785259996e+09

User-callback calls 540, time in user-callback 0.00 sec
Gurobi Optimizer version 11.0.3 build v11.0.3rc0 (win64 - Windows 11+.0 (26200.2))

CPU model: 12th Gen Intel(R) Core(TM) i7-1260P, instruction set [SSE2|AVX|AVX2]
Thread count: 12 physical cores, 16 logical processors, using up to 16 threads

Optimize a model with 3499584 rows, 3719542 columns and 27804721 nonzeros
Coefficient statistics:
  Matrix range     [5e-03, 2e+01]
  Objective range  [3e+02, 1e+08]
  Bounds range     [6e-06, 1e+01]
  RHS range        [4e-03, 8e+02]
LP warm-start: use basis

Iteration    Objective       Primal Inf.    Dual Inf.      Time
       0    5.7852600e+09   1.146999e+00   0.000000e+00      2s
     226    5.7852848e+09   0.000000e+00   0.000000e+00      8s

Solved in 226 iterations and 8.50 seconds (7.64 work units)
Optimal objective  5.785284811e+09

User-callback calls 248, time in user-callback 0.01 sec
Gurobi Optimizer version 11.0.3 build v11.0.3rc0 (win64 - Windows 11+.0 (26200.2))

CPU model: 12th Gen Intel(R) Core(TM) i7-1260P, instruction set [SSE2|AVX|AVX2]
Thread count: 12 physical cores, 16 logical processors, using up to 16 threads

Optimize a model with 3499616 rows, 3719542 columns and 27822859 nonzeros
Coefficient statistics:
  Matrix range     [5e-03, 2e+01]
  Objective range  [3e+02, 1e+08]
  Bounds range     [6e-06, 1e+01]
  RHS range        [4e-03, 8e+02]
LP warm-start: use basis

Iteration    Objective       Primal Inf.    Dual Inf.      Time
       0    5.7852848e+09   3.740838e+00   0.000000e+00      2s
      50    5.7852856e+09   0.000000e+00   0.000000e+00      4s

Solved in 50 iterations and 4.20 seconds (4.12 work units)
Optimal objective  5.785285590e+09

User-callback calls 72, time in user-callback 0.00 sec
Gurobi Optimizer version 11.0.3 build v11.0.3rc0 (win64 - Windows 11+.0 (26200.2))

CPU model: 12th Gen Intel(R) Core(TM) i7-1260P, instruction set [SSE2|AVX|AVX2]
Thread count: 12 physical cores, 16 logical processors, using up to 16 threads

Optimize a model with 3499648 rows, 3719542 columns and 27939191 nonzeros
Coefficient statistics:
  Matrix range     [5e-03, 2e+01]
  Objective range  [3e+02, 1e+08]
  Bounds range     [6e-06, 1e+01]
  RHS range        [4e-03, 8e+02]
LP warm-start: use basis

Iteration    Objective       Primal Inf.    Dual Inf.      Time
       0    5.7852856e+09   1.044716e+00   0.000000e+00      2s
     270    5.7853189e+09   5.535692e-02   0.000000e+00     11s
     284    5.7853189e+09   0.000000e+00   0.000000e+00     13s

Solved in 284 iterations and 13.32 seconds (10.00 work units)
Optimal objective  5.785318940e+09

User-callback calls 307, time in user-callback 0.00 sec
Gurobi Optimizer version 11.0.3 build v11.0.3rc0 (win64 - Windows 11+.0 (26200.2))

CPU model: 12th Gen Intel(R) Core(TM) i7-1260P, instruction set [SSE2|AVX|AVX2]
Thread count: 12 physical cores, 16 logical processors, using up to 16 threads

Optimize a model with 3499680 rows, 3719542 columns and 27970344 nonzeros
Coefficient statistics:
  Matrix range     [5e-03, 2e+01]
  Objective range  [3e+02, 1e+08]
  Bounds range     [6e-06, 1e+01]
  RHS range        [4e-03, 8e+02]
LP warm-start: use basis

Iteration    Objective       Primal Inf.    Dual Inf.      Time
       0    5.7853189e+09   2.195055e+00   0.000000e+00      2s
      48    5.7853227e+09   0.000000e+00   0.000000e+00      6s

Solved in 48 iterations and 5.89 seconds (3.98 work units)
Optimal objective  5.785322653e+09

User-callback calls 70, time in user-callback 0.00 sec
Gurobi Optimizer version 11.0.3 build v11.0.3rc0 (win64 - Windows 11+.0 (26200.2))

CPU model: 12th Gen Intel(R) Core(TM) i7-1260P, instruction set [SSE2|AVX|AVX2]
Thread count: 12 physical cores, 16 logical processors, using up to 16 threads

Optimize a model with 3499712 rows, 3719542 columns and 28035272 nonzeros
Coefficient statistics:
  Matrix range     [5e-03, 2e+01]
  Objective range  [3e+02, 1e+08]
  Bounds range     [6e-06, 1e+01]
  RHS range        [4e-03, 8e+02]
LP warm-start: use basis

Iteration    Objective       Primal Inf.    Dual Inf.      Time
       0    5.7853227e+09   9.446822e-01   0.000000e+00      2s
     280    5.7853624e+09   1.227102e+01   0.000000e+00     11s
     473    5.7853666e+09   0.000000e+00   0.000000e+00     18s
Warning: switch to quad precision
     497    5.7853666e+09   0.000000e+00   0.000000e+00     23s

Solved in 497 iterations and 22.73 seconds (21.13 work units)
Optimal objective  5.785366643e+09
Warning: unscaled dual violation = 1.42067e-06 and residual = 3.11286e-05

User-callback calls 535, time in user-callback 0.00 sec
Gurobi Optimizer version 11.0.3 build v11.0.3rc0 (win64 - Windows 11+.0 (26200.2))

CPU model: 12th Gen Intel(R) Core(TM) i7-1260P, instruction set [SSE2|AVX|AVX2]
Thread count: 12 physical cores, 16 logical processors, using up to 16 threads

Optimize a model with 3499744 rows, 3719542 columns and 28095382 nonzeros
Coefficient statistics:
  Matrix range     [5e-03, 2e+01]
  Objective range  [3e+02, 1e+08]
  Bounds range     [6e-06, 1e+01]
  RHS range        [4e-03, 8e+02]
LP warm-start: use basis

Iteration    Objective       Primal Inf.    Dual Inf.      Time
       0    5.7853666e+09   1.942499e+00   0.000000e+00      2s
     254    5.7853889e+09   1.612326e+01   0.000000e+00      9s
     378    5.7853911e+09   0.000000e+00   0.000000e+00     13s

Solved in 378 iterations and 14.40 seconds (12.31 work units)
Optimal objective  5.785391108e+09

User-callback calls 401, time in user-callback 0.01 sec
Gurobi Optimizer version 11.0.3 build v11.0.3rc0 (win64 - Windows 11+.0 (26200.2))

CPU model: 12th Gen Intel(R) Core(TM) i7-1260P, instruction set [SSE2|AVX|AVX2]
Thread count: 12 physical cores, 16 logical processors, using up to 16 threads

Optimize a model with 3499776 rows, 3719542 columns and 28151159 nonzeros
Coefficient statistics:
  Matrix range     [5e-03, 2e+01]
  Objective range  [3e+02, 1e+08]
  Bounds range     [6e-06, 1e+01]
  RHS range        [4e-03, 8e+02]
LP warm-start: use basis

Iteration    Objective       Primal Inf.    Dual Inf.      Time
       0    5.7853911e+09   1.003770e+00   0.000000e+00      2s
     139    5.7854067e+09   0.000000e+00   0.000000e+00      7s

Solved in 139 iterations and 8.64 seconds (5.88 work units)
Optimal objective  5.785406697e+09

User-callback calls 161, time in user-callback 0.00 sec
Gurobi Optimizer version 11.0.3 build v11.0.3rc0 (win64 - Windows 11+.0 (26200.2))

CPU model: 12th Gen Intel(R) Core(TM) i7-1260P, instruction set [SSE2|AVX|AVX2]
Thread count: 12 physical cores, 16 logical processors, using up to 16 threads

Optimize a model with 3499808 rows, 3719542 columns and 28222558 nonzeros
Coefficient statistics:
  Matrix range     [5e-03, 2e+01]
  Objective range  [3e+02, 1e+08]
  Bounds range     [6e-06, 1e+01]
  RHS range        [4e-03, 8e+02]
LP warm-start: use basis

Iteration    Objective       Primal Inf.    Dual Inf.      Time
       0    5.7854067e+09   9.008443e-01   0.000000e+00      2s
     158    5.7854213e+09   0.000000e+00   0.000000e+00      8s
     178    5.7854213e+09   0.000000e+00   0.000000e+00     12s

Solved in 178 iterations and 12.26 seconds (15.56 work units)
Optimal objective  5.785421266e+09

User-callback calls 220, time in user-callback 0.00 sec
Gurobi Optimizer version 11.0.3 build v11.0.3rc0 (win64 - Windows 11+.0 (26200.2))

CPU model: 12th Gen Intel(R) Core(TM) i7-1260P, instruction set [SSE2|AVX|AVX2]
Thread count: 12 physical cores, 16 logical processors, using up to 16 threads

Optimize a model with 3499840 rows, 3719542 columns and 28299189 nonzeros
Coefficient statistics:
  Matrix range     [5e-03, 2e+01]
  Objective range  [3e+02, 1e+08]
  Bounds range     [6e-06, 1e+01]
  RHS range        [4e-03, 8e+02]
LP warm-start: use basis

Iteration    Objective       Primal Inf.    Dual Inf.      Time
       0    5.7854213e+09   1.304088e+00   0.000000e+00      2s
     230    5.7854344e+09   5.400456e-02   0.000000e+00     11s
     235    5.7854344e+09   0.000000e+00   0.000000e+00     13s

Solved in 235 iterations and 12.95 seconds (9.69 work units)
Optimal objective  5.785434424e+09

User-callback calls 258, time in user-callback 0.00 sec
Gurobi Optimizer version 11.0.3 build v11.0.3rc0 (win64 - Windows 11+.0 (26200.2))

CPU model: 12th Gen Intel(R) Core(TM) i7-1260P, instruction set [SSE2|AVX|AVX2]
Thread count: 12 physical cores, 16 logical processors, using up to 16 threads

Optimize a model with 3499872 rows, 3719542 columns and 28385800 nonzeros
Coefficient statistics:
  Matrix range     [5e-03, 2e+01]
  Objective range  [3e+02, 1e+08]
  Bounds range     [6e-06, 1e+01]
  RHS range        [4e-03, 8e+02]
LP warm-start: use basis

Iteration    Objective       Primal Inf.    Dual Inf.      Time
       0    5.7854344e+09   5.551714e-01   0.000000e+00      2s
     125    5.7854523e+09   0.000000e+00   0.000000e+00      6s
     155    5.7854523e+09   0.000000e+00   0.000000e+00     11s

Solved in 155 iterations and 10.99 seconds (18.50 work units)
Optimal objective  5.785452325e+09

User-callback calls 206, time in user-callback 0.00 sec
Gurobi Optimizer version 11.0.3 build v11.0.3rc0 (win64 - Windows 11+.0 (26200.2))

CPU model: 12th Gen Intel(R) Core(TM) i7-1260P, instruction set [SSE2|AVX|AVX2]
Thread count: 12 physical cores, 16 logical processors, using up to 16 threads

Optimize a model with 3499904 rows, 3719542 columns and 28401726 nonzeros
Coefficient statistics:
  Matrix range     [5e-03, 2e+01]
  Objective range  [3e+02, 1e+08]
  Bounds range     [6e-06, 1e+01]
  RHS range        [4e-03, 8e+02]
LP warm-start: use basis

Iteration    Objective       Primal Inf.    Dual Inf.      Time
       0    5.7854523e+09   9.190992e-01   0.000000e+00      2s
     155    5.7854535e+09   0.000000e+00   0.000000e+00      9s

Solved in 155 iterations and 10.09 seconds (7.09 work units)
Optimal objective  5.785453510e+09

User-callback calls 177, time in user-callback 0.00 sec
Gurobi Optimizer version 11.0.3 build v11.0.3rc0 (win64 - Windows 11+.0 (26200.2))

CPU model: 12th Gen Intel(R) Core(TM) i7-1260P, instruction set [SSE2|AVX|AVX2]
Thread count: 12 physical cores, 16 logical processors, using up to 16 threads

Optimize a model with 3499936 rows, 3719542 columns and 28502630 nonzeros
Coefficient statistics:
  Matrix range     [5e-03, 2e+01]
  Objective range  [3e+02, 1e+08]
  Bounds range     [6e-06, 1e+01]
  RHS range        [4e-03, 8e+02]
LP warm-start: use basis

Iteration    Objective       Primal Inf.    Dual Inf.      Time
       0    5.7854535e+09   5.148956e-01   0.000000e+00      2s
     250    5.7854652e+09   4.781279e+00   0.000000e+00     11s
     340    5.7854657e+09   0.000000e+00   0.000000e+00     15s

Solved in 340 iterations and 16.38 seconds (11.95 work units)
Optimal objective  5.785465710e+09

User-callback calls 363, time in user-callback 0.00 sec
Gurobi Optimizer version 11.0.3 build v11.0.3rc0 (win64 - Windows 11+.0 (26200.2))

CPU model: 12th Gen Intel(R) Core(TM) i7-1260P, instruction set [SSE2|AVX|AVX2]
Thread count: 12 physical cores, 16 logical processors, using up to 16 threads

Optimize a model with 3499968 rows, 3719542 columns and 28627026 nonzeros
Coefficient statistics:
  Matrix range     [5e-03, 2e+01]
  Objective range  [3e+02, 1e+08]
  Bounds range     [6e-06, 1e+01]
  RHS range        [4e-03, 8e+02]
LP warm-start: use basis

Iteration    Objective       Primal Inf.    Dual Inf.      Time
       0    5.7854657e+09   5.345156e-01   0.000000e+00      2s
     240    5.7854806e+09   1.845555e+00   0.000000e+00     11s
     319    5.7854809e+09   0.000000e+00   0.000000e+00     15s

Solved in 319 iterations and 14.51 seconds (11.60 work units)
Optimal objective  5.785480922e+09

User-callback calls 342, time in user-callback 0.00 sec
Gurobi Optimizer version 11.0.3 build v11.0.3rc0 (win64 - Windows 11+.0 (26200.2))

CPU model: 12th Gen Intel(R) Core(TM) i7-1260P, instruction set [SSE2|AVX|AVX2]
Thread count: 12 physical cores, 16 logical processors, using up to 16 threads

Optimize a model with 3500000 rows, 3719542 columns and 28745437 nonzeros
Coefficient statistics:
  Matrix range     [5e-03, 2e+01]
  Objective range  [3e+02, 1e+08]
  Bounds range     [6e-06, 1e+01]
  RHS range        [4e-03, 8e+02]
LP warm-start: use basis

Iteration    Objective       Primal Inf.    Dual Inf.      Time
       0    5.7854809e+09   3.107878e-01   0.000000e+00      2s
     116    5.7854885e+09   0.000000e+00   0.000000e+00      6s

Solved in 116 iterations and 7.56 seconds (5.70 work units)
Optimal objective  5.785488498e+09

User-callback calls 138, time in user-callback 0.00 sec
Gurobi Optimizer version 11.0.3 build v11.0.3rc0 (win64 - Windows 11+.0 (26200.2))

CPU model: 12th Gen Intel(R) Core(TM) i7-1260P, instruction set [SSE2|AVX|AVX2]
Thread count: 12 physical cores, 16 logical processors, using up to 16 threads

Optimize a model with 3500032 rows, 3719542 columns and 28851179 nonzeros
Coefficient statistics:
  Matrix range     [5e-03, 2e+01]
  Objective range  [3e+02, 1e+08]
  Bounds range     [6e-06, 1e+01]
  RHS range        [4e-03, 8e+02]
LP warm-start: use basis

Iteration    Objective       Primal Inf.    Dual Inf.      Time
       0    5.7854885e+09   2.409741e-01   0.000000e+00      2s
     101    5.7854949e+09   0.000000e+00   0.000000e+00      6s

Solved in 101 iterations and 6.94 seconds (4.89 work units)
Optimal objective  5.785494853e+09

User-callback calls 123, time in user-callback 0.00 sec
Gurobi Optimizer version 11.0.3 build v11.0.3rc0 (win64 - Windows 11+.0 (26200.2))

CPU model: 12th Gen Intel(R) Core(TM) i7-1260P, instruction set [SSE2|AVX|AVX2]
Thread count: 12 physical cores, 16 logical processors, using up to 16 threads

Optimize a model with 3500064 rows, 3719542 columns and 28908721 nonzeros
Coefficient statistics:
  Matrix range     [5e-03, 2e+01]
  Objective range  [3e+02, 1e+08]
  Bounds range     [6e-06, 1e+01]
  RHS range        [4e-03, 8e+02]
LP warm-start: use basis

Iteration    Objective       Primal Inf.    Dual Inf.      Time
       0    5.7854949e+09   1.750208e-01   0.000000e+00      2s
     117    5.7854971e+09   0.000000e+00   0.000000e+00      7s

Solved in 117 iterations and 8.20 seconds (5.74 work units)
Optimal objective  5.785497054e+09

User-callback calls 139, time in user-callback 0.00 sec
Gurobi Optimizer version 11.0.3 build v11.0.3rc0 (win64 - Windows 11+.0 (26200.2))

CPU model: 12th Gen Intel(R) Core(TM) i7-1260P, instruction set [SSE2|AVX|AVX2]
Thread count: 12 physical cores, 16 logical processors, using up to 16 threads

Optimize a model with 3500096 rows, 3719542 columns and 29001516 nonzeros
Coefficient statistics:
  Matrix range     [5e-03, 2e+01]
  Objective range  [3e+02, 1e+08]
  Bounds range     [6e-06, 1e+01]
  RHS range        [4e-03, 8e+02]
LP warm-start: use basis

Iteration    Objective       Primal Inf.    Dual Inf.      Time
       0    5.7854971e+09   9.748294e-02   0.000000e+00      2s
      99    5.7854994e+09   0.000000e+00   0.000000e+00      7s

Solved in 99 iterations and 8.14 seconds (5.33 work units)
Optimal objective  5.785499401e+09

User-callback calls 121, time in user-callback 0.00 sec
Gurobi Optimizer version 11.0.3 build v11.0.3rc0 (win64 - Windows 11+.0 (26200.2))

CPU model: 12th Gen Intel(R) Core(TM) i7-1260P, instruction set [SSE2|AVX|AVX2]
Thread count: 12 physical cores, 16 logical processors, using up to 16 threads

Optimize a model with 3500122 rows, 3719542 columns and 29085113 nonzeros
Coefficient statistics:
  Matrix range     [5e-03, 2e+01]
  Objective range  [3e+02, 1e+08]
  Bounds range     [6e-06, 1e+01]
  RHS range        [4e-03, 8e+02]
LP warm-start: use basis

Iteration    Objective       Primal Inf.    Dual Inf.      Time
       0    5.7854994e+09   3.168056e-02   0.000000e+00      2s
      52    5.7854999e+09   0.000000e+00   0.000000e+00      6s

Solved in 52 iterations and 6.09 seconds (3.99 work units)
Optimal objective  5.785499892e+09

User-callback calls 74, time in user-callback 0.00 sec
Gurobi Optimizer version 11.0.3 build v11.0.3rc0 (win64 - Windows 11+.0 (26200.2))

CPU model: 12th Gen Intel(R) Core(TM) i7-1260P, instruction set [SSE2|AVX|AVX2]
Thread count: 12 physical cores, 16 logical processors, using up to 16 threads

Optimize a model with 3500127 rows, 3719542 columns and 29112764 nonzeros
Coefficient statistics:
  Matrix range     [5e-03, 2e+01]
  Objective range  [3e+02, 1e+08]
  Bounds range     [6e-06, 1e+01]
  RHS range        [4e-03, 8e+02]
LP warm-start: use basis

Iteration    Objective       Primal Inf.    Dual Inf.      Time
       0    5.7854999e+09   4.090115e-03   0.000000e+00      2s
      10    5.7854999e+09   0.000000e+00   0.000000e+00      4s

Solved in 10 iterations and 4.08 seconds (1.85 work units)
Optimal objective  5.785499931e+09

User-callback calls 32, time in user-callback 0.00 sec
